<Diagram Version="12"><Nodes><Node Class="std:ShapeNode" Id="0" Version="1"><Bounds>-65.000000, -209.000000, 226.000000, 186.000000</Bounds><ZIndex>0</ZIndex><ToolTip>0002B3AA 

Last User:sLiesegang
Date:9/4/2009
File:Skyrim.esm</ToolTip><Locked>True</Locked><Visible>True</Visible><Printable>True</Printable><Selected>False</Selected><Brush Id="0"/><Pen><Color>#FF646464</Color><DashStyle>0</DashStyle><Width>1.000000</Width></Pen><ShadowOffsetX>0.000000</ShadowOffsetX><ShadowOffsetY>0.000000</ShadowOffsetY><Weight>1.000000</Weight><IgnoreLayout>False</IgnoreLayout><HyperLink></HyperLink><Constraints><Constraint Type="0"><Value>0</Value></Constraint><Constraint Type="1"><Value>0.000000</Value></Constraint><Constraint Type="2"><Value>0.000000</Value></Constraint><Constraint Type="3"><Value>0.000000</Value></Constraint><Constraint Type="4"><Value>0.000000</Value></Constraint></Constraints><Obstacle>False</Obstacle><AllowIncomingLinks>True</AllowIncomingLinks><AllowOutgoingLinks>False</AllowOutgoingLinks><EnabledHandles>0</EnabledHandles><HandlesStyle>1</HandlesStyle><Expanded>True</Expanded><Expandable>False</Expandable><XStyle>0</XStyle><Text>DA05GlenmorilTransformSkinBranch</Text><TextColor>#FF000000</TextColor><PolygonalTextLayout>False</PolygonalTextLayout><TextFormat XValue="16"><Alignment>0</Alignment><LineAlignment>0</LineAlignment></TextFormat><PolygonalTextLayout>False</PolygonalTextLayout><EnableStyledText>False</EnableStyledText><ImageAlign>2</ImageAlign><RotationAngle>0.000000</RotationAngle><RotateImage>False</RotateImage><RotateText>False</RotateText><Transparent>False</Transparent><CustomDraw>0</CustomDraw><DecorationColor></DecorationColor></Node><Node Class="std:ShapeNode" Id="1" Version="1"><Bounds>-81.000000, -17.000000, 653.000000, 298.000000</Bounds><ZIndex>1</ZIndex><ToolTip>0002B394 

Last User:sLiesegang
Date:9/4/2009
File:Skyrim.esm</ToolTip><Locked>True</Locked><Visible>True</Visible><Printable>True</Printable><Selected>False</Selected><Brush Id="0"/><Pen><Color>#FF646464</Color><DashStyle>0</DashStyle><Width>1.000000</Width></Pen><ShadowOffsetX>0.000000</ShadowOffsetX><ShadowOffsetY>0.000000</ShadowOffsetY><Weight>1.000000</Weight><IgnoreLayout>False</IgnoreLayout><HyperLink></HyperLink><Constraints><Constraint Type="0"><Value>0</Value></Constraint><Constraint Type="1"><Value>0.000000</Value></Constraint><Constraint Type="2"><Value>0.000000</Value></Constraint><Constraint Type="3"><Value>0.000000</Value></Constraint><Constraint Type="4"><Value>0.000000</Value></Constraint></Constraints><Obstacle>False</Obstacle><AllowIncomingLinks>True</AllowIncomingLinks><AllowOutgoingLinks>False</AllowOutgoingLinks><EnabledHandles>0</EnabledHandles><HandlesStyle>1</HandlesStyle><Expanded>True</Expanded><Expandable>False</Expandable><XStyle>0</XStyle><Text>DA05GlenmorilWarningBranch</Text><TextColor>#FF000000</TextColor><PolygonalTextLayout>False</PolygonalTextLayout><TextFormat XValue="16"><Alignment>0</Alignment><LineAlignment>0</LineAlignment></TextFormat><PolygonalTextLayout>False</PolygonalTextLayout><EnableStyledText>False</EnableStyledText><ImageAlign>2</ImageAlign><RotationAngle>0.000000</RotationAngle><RotateImage>False</RotateImage><RotateText>False</RotateText><Transparent>False</Transparent><CustomDraw>0</CustomDraw><DecorationColor></DecorationColor></Node><Node Class="std:TableNode" Id="2" Version="1"><Bounds>360.000000, 8.000000, 187.000000, 136.000000</Bounds><ZIndex>2</ZIndex><ToolTip>0001BB90 - Custom

Last User:jhammett
Date:5/3/2011
File:Skyrim.esm</ToolTip><Locked>False</Locked><Visible>True</Visible><Printable>True</Printable><Selected>False</Selected><Brush Id="1"/><Pen><Color>#FF000000</Color><DashStyle>0</DashStyle><Width>1.000000</Width></Pen><ShadowOffsetX>3.000000</ShadowOffsetX><ShadowOffsetY>3.000000</ShadowOffsetY><Weight>1.000000</Weight><IgnoreLayout>False</IgnoreLayout><HyperLink></HyperLink><AnchorPattern Id="TableInPattern"/><Constraints><Constraint Type="0"><Value>0</Value></Constraint><Constraint Type="1"><Value>0.000000</Value></Constraint><Constraint Type="2"><Value>0.000000</Value></Constraint><Constraint Type="3"><Value>0.000000</Value></Constraint><Constraint Type="4"><Value>0.000000</Value></Constraint></Constraints><Obstacle>True</Obstacle><AllowIncomingLinks>True</AllowIncomingLinks><AllowOutgoingLinks>False</AllowOutgoingLinks><EnabledHandles>-1</EnabledHandles><HandlesStyle>2</HandlesStyle><Cells><Cell><Text></Text><ToolTip></ToolTip><TextFormat XValue="36"><Alignment>0</Alignment><LineAlignment>1</LineAlignment></TextFormat><TextColor>#FF000000</TextColor><Brush Id="2"/><ImageAlign>4</ImageAlign><ColumnSpan>1</ColumnSpan><RowSpan>1</RowSpan></Cell><Cell><Text>[S] G|Bring us the wolf's skin. Show us his hide. Then, and only then, will we grant your request.</Text><ToolTip></ToolTip><TextFormat XValue="16"><Alignment>0</Alignment><LineAlignment>0</LineAlignment></TextFormat><TextColor></TextColor><Brush Id="3"/><ImageAlign>4</ImageAlign><ColumnSpan>1</ColumnSpan><RowSpan>1</RowSpan></Cell></Cells><Rows><Row><AnchorPattern Id="TableOutPattern"/><Height>76.000000</Height><Header>False</Header><Expanded>True</Expanded></Row></Rows><Columns><Column><Width>9.000000</Width><ColumnStyle>0</ColumnStyle></Column><Column><Width>530.000000</Width><ColumnStyle>0</ColumnStyle></Column></Columns><Caption>DA05GlenmorilBringUsSkin: &lt;b&gt;Then you'll fix the ring?&lt;/b&gt;</Caption><CaptionColor>#FF000000</CaptionColor><CaptionHeight>60.000000</CaptionHeight><CaptionFormat XValue="2000"><Alignment>1</Alignment><LineAlignment>0</LineAlignment></CaptionFormat><CaptionBackBrush Id="1"/><EnableStyledText>True</EnableStyledText><ConnectionStyle>0</ConnectionStyle><ImageAlign>2</ImageAlign><Style>0</Style><CustomDraw>0</CustomDraw><CellFrameStyle>2</CellFrameStyle><CellCustomDraw>0</CellCustomDraw><TextColor>#FF000000</TextColor><RowHeight>22.000000</RowHeight><ColumnWidth>50.000000</ColumnWidth><CurrentScrollRow>0</CurrentScrollRow><Scrollable>False</Scrollable><OffsetHeaderRows>False</OffsetHeaderRows></Node><Node Class="std:TableNode" Id="3" Version="1"><Bounds>136.000000, 8.000000, 192.000000, 248.000000</Bounds><ZIndex>3</ZIndex><ToolTip>0001BB91 - Custom

Last User:jhammett
Date:5/3/2011
File:Skyrim.esm</ToolTip><Locked>False</Locked><Visible>True</Visible><Printable>True</Printable><Selected>False</Selected><Brush Id="1"/><Pen><Color>#FF000000</Color><DashStyle>0</DashStyle><Width>1.000000</Width></Pen><ShadowOffsetX>3.000000</ShadowOffsetX><ShadowOffsetY>3.000000</ShadowOffsetY><Weight>1.000000</Weight><IgnoreLayout>False</IgnoreLayout><HyperLink></HyperLink><AnchorPattern Id="TableInPattern"/><Constraints><Constraint Type="0"><Value>0</Value></Constraint><Constraint Type="1"><Value>0.000000</Value></Constraint><Constraint Type="2"><Value>0.000000</Value></Constraint><Constraint Type="3"><Value>0.000000</Value></Constraint><Constraint Type="4"><Value>0.000000</Value></Constraint></Constraints><Obstacle>True</Obstacle><AllowIncomingLinks>True</AllowIncomingLinks><AllowOutgoingLinks>False</AllowOutgoingLinks><EnabledHandles>-1</EnabledHandles><HandlesStyle>2</HandlesStyle><Cells><Cell><Text></Text><ToolTip></ToolTip><TextFormat XValue="36"><Alignment>0</Alignment><LineAlignment>1</LineAlignment></TextFormat><TextColor>#FF000000</TextColor><Brush Id="2"/><ImageAlign>4</ImageAlign><ColumnSpan>1</ColumnSpan><RowSpan>1</RowSpan></Cell><Cell><Text>The rogue shifter which gave you this ring... the one who drew our Lord's ire and brought down the curse. | He has eluded Hircine. Our Lord never loses his prey, and so has called this era's Great Hunt to bring him down. | Even now, those loyal to Hircine are gathering. Join them, and the victor shall be rewarded.</Text><ToolTip></ToolTip><TextFormat XValue="16"><Alignment>0</Alignment><LineAlignment>0</LineAlignment></TextFormat><TextColor></TextColor><Brush Id="3"/><ImageAlign>4</ImageAlign><ColumnSpan>1</ColumnSpan><RowSpan>1</RowSpan></Cell></Cells><Rows><Row><AnchorPattern Id="TableOutPattern"/><Height>204.000000</Height><Header>False</Header><Expanded>True</Expanded></Row></Rows><Columns><Column><Width>9.000000</Width><ColumnStyle>0</ColumnStyle></Column><Column><Width>846.000000</Width><ColumnStyle>0</ColumnStyle></Column></Columns><Caption>DA05GlenmorilHuntHasBeenCalled: &lt;b&gt;What is the price?&lt;/b&gt;</Caption><CaptionColor>#FF000000</CaptionColor><CaptionHeight>44.000000</CaptionHeight><CaptionFormat XValue="2000"><Alignment>1</Alignment><LineAlignment>0</LineAlignment></CaptionFormat><CaptionBackBrush Id="1"/><EnableStyledText>True</EnableStyledText><ConnectionStyle>0</ConnectionStyle><ImageAlign>2</ImageAlign><Style>0</Style><CustomDraw>0</CustomDraw><CellFrameStyle>2</CellFrameStyle><CellCustomDraw>0</CellCustomDraw><TextColor>#FF000000</TextColor><RowHeight>22.000000</RowHeight><ColumnWidth>50.000000</ColumnWidth><CurrentScrollRow>0</CurrentScrollRow><Scrollable>False</Scrollable><OffsetHeaderRows>False</OffsetHeaderRows></Node><Node Class="std:TableNode" Id="4" Version="1"><Bounds>-56.000000, 8.000000, 144.000000, 120.000000</Bounds><ZIndex>4</ZIndex><ToolTip>0002B381 - Custom

Last User:jhammett
Date:5/3/2011
File:Skyrim.esm</ToolTip><Locked>False</Locked><Visible>True</Visible><Printable>True</Printable><Selected>False</Selected><Brush Id="1"/><Pen><Color>#FF000000</Color><DashStyle>0</DashStyle><Width>1.000000</Width></Pen><ShadowOffsetX>3.000000</ShadowOffsetX><ShadowOffsetY>3.000000</ShadowOffsetY><Weight>1.000000</Weight><IgnoreLayout>False</IgnoreLayout><HyperLink></HyperLink><AnchorPattern Id="TableInPattern"/><Constraints><Constraint Type="0"><Value>0</Value></Constraint><Constraint Type="1"><Value>0.000000</Value></Constraint><Constraint Type="2"><Value>0.000000</Value></Constraint><Constraint Type="3"><Value>0.000000</Value></Constraint><Constraint Type="4"><Value>0.000000</Value></Constraint></Constraints><Obstacle>True</Obstacle><AllowIncomingLinks>True</AllowIncomingLinks><AllowOutgoingLinks>False</AllowOutgoingLinks><EnabledHandles>-1</EnabledHandles><HandlesStyle>2</HandlesStyle><Cells><Cell><Text></Text><ToolTip></ToolTip><TextFormat XValue="36"><Alignment>0</Alignment><LineAlignment>1</LineAlignment></TextFormat><TextColor>#FF000000</TextColor><Brush Id="2"/><ImageAlign>4</ImageAlign><ColumnSpan>1</ColumnSpan><RowSpan>1</RowSpan></Cell><Cell><Text>Lord Hircine will let us lift the curse, but for a price.</Text><ToolTip></ToolTip><TextFormat XValue="16"><Alignment>0</Alignment><LineAlignment>0</LineAlignment></TextFormat><TextColor></TextColor><Brush Id="3"/><ImageAlign>4</ImageAlign><ColumnSpan>1</ColumnSpan><RowSpan>1</RowSpan></Cell></Cells><Rows><Row><AnchorPattern Id="TableOutPattern"/><Height>60.000000</Height><Header>False</Header><Expanded>True</Expanded></Row></Rows><Columns><Column><Width>9.000000</Width><ColumnStyle>0</ColumnStyle></Column><Column><Width>302.000000</Width><ColumnStyle>0</ColumnStyle></Column></Columns><Caption>DA05GlenmorilWarningBranchTopic: &lt;b&gt;I was told you could repair this ring.&lt;/b&gt;</Caption><CaptionColor>#FF000000</CaptionColor><CaptionHeight>60.000000</CaptionHeight><CaptionFormat XValue="2000"><Alignment>1</Alignment><LineAlignment>0</LineAlignment></CaptionFormat><CaptionBackBrush Id="4"/><EnableStyledText>True</EnableStyledText><ConnectionStyle>0</ConnectionStyle><ImageAlign>2</ImageAlign><Style>0</Style><CustomDraw>0</CustomDraw><CellFrameStyle>2</CellFrameStyle><CellCustomDraw>0</CellCustomDraw><TextColor>#FF000000</TextColor><RowHeight>22.000000</RowHeight><ColumnWidth>50.000000</ColumnWidth><CurrentScrollRow>0</CurrentScrollRow><Scrollable>False</Scrollable><OffsetHeaderRows>False</OffsetHeaderRows></Node><Node Class="std:TableNode" Id="5" Version="1"><Bounds>-40.000000, -184.000000, 176.000000, 136.000000</Bounds><ZIndex>5</ZIndex><ToolTip>0002B37B - Custom

Last User:jhammett
Date:5/3/2011
File:Skyrim.esm</ToolTip><Locked>False</Locked><Visible>True</Visible><Printable>True</Printable><Selected>False</Selected><Brush Id="1"/><Pen><Color>#FF000000</Color><DashStyle>0</DashStyle><Width>1.000000</Width></Pen><ShadowOffsetX>3.000000</ShadowOffsetX><ShadowOffsetY>3.000000</ShadowOffsetY><Weight>1.000000</Weight><IgnoreLayout>False</IgnoreLayout><HyperLink></HyperLink><AnchorPattern Id="TableInPattern"/><Constraints><Constraint Type="0"><Value>0</Value></Constraint><Constraint Type="1"><Value>0.000000</Value></Constraint><Constraint Type="2"><Value>0.000000</Value></Constraint><Constraint Type="3"><Value>0.000000</Value></Constraint><Constraint Type="4"><Value>0.000000</Value></Constraint></Constraints><Obstacle>True</Obstacle><AllowIncomingLinks>True</AllowIncomingLinks><AllowOutgoingLinks>False</AllowOutgoingLinks><EnabledHandles>-1</EnabledHandles><HandlesStyle>2</HandlesStyle><Cells><Cell><Text></Text><ToolTip></ToolTip><TextFormat XValue="36"><Alignment>0</Alignment><LineAlignment>1</LineAlignment></TextFormat><TextColor>#FF000000</TextColor><Brush Id="2"/><ImageAlign>4</ImageAlign><ColumnSpan>1</ColumnSpan><RowSpan>1</RowSpan></Cell><Cell><Text>[S] Lord Hircine will be most pleased. His rewards are great and terrible. | Take and serve, honored hunter. </Text><ToolTip></ToolTip><TextFormat XValue="16"><Alignment>0</Alignment><LineAlignment>0</LineAlignment></TextFormat><TextColor></TextColor><Brush Id="3"/><ImageAlign>4</ImageAlign><ColumnSpan>1</ColumnSpan><RowSpan>1</RowSpan></Cell></Cells><Rows><Row><AnchorPattern Id="TableOutPattern"/><Height>92.000000</Height><Header>False</Header><Expanded>True</Expanded></Row></Rows><Columns><Column><Width>9.000000</Width><ColumnStyle>0</ColumnStyle></Column><Column><Width>616.000000</Width><ColumnStyle>0</ColumnStyle></Column></Columns><Caption>DA05GlenmorilTransformSkinBranchTopic: &lt;b&gt;I've brought you Sinding's skin.&lt;/b&gt;</Caption><CaptionColor>#FF000000</CaptionColor><CaptionHeight>44.000000</CaptionHeight><CaptionFormat XValue="2000"><Alignment>1</Alignment><LineAlignment>0</LineAlignment></CaptionFormat><CaptionBackBrush Id="4"/><EnableStyledText>True</EnableStyledText><ConnectionStyle>0</ConnectionStyle><ImageAlign>2</ImageAlign><Style>0</Style><CustomDraw>0</CustomDraw><CellFrameStyle>2</CellFrameStyle><CellCustomDraw>0</CellCustomDraw><TextColor>#FF000000</TextColor><RowHeight>22.000000</RowHeight><ColumnWidth>50.000000</ColumnWidth><CurrentScrollRow>0</CurrentScrollRow><Scrollable>False</Scrollable><OffsetHeaderRows>False</OffsetHeaderRows></Node></Nodes><Links><Link Class="std:DiagramLink" Id="6" Version="1"><Bounds>88.000000, 99.000000, 48.000000, 33.000000</Bounds><ZIndex>6</ZIndex><ToolTip></ToolTip><Locked>False</Locked><Visible>True</Visible><Printable>True</Printable><Selected>False</Selected><Brush Id="3"/><Pen><Color>#FF000000</Color><DashStyle>0</DashStyle><Width>1.000000</Width></Pen><ShadowOffsetX>3.000000</ShadowOffsetX><ShadowOffsetY>3.000000</ShadowOffsetY><Weight>1.000000</Weight><IgnoreLayout>False</IgnoreLayout><Origin Id="4" ClassId="std:TableNode" Version="1"/><OriginRelative>100.000000, 50.000000</OriginRelative><OriginAnchor>0</OriginAnchor><Destination Id="3" ClassId="std:TableNode" Version="1"/><DestinationRelative>0.000000, 50.000000</DestinationRelative><DestinationAnchor>0</DestinationAnchor><OriginRow>0</OriginRow><DestinationRow>-1</DestinationRow><Style>1</Style><SegmentCount>1</SegmentCount><Points><Point>88.000000, 99.000000</Point><Point>136.000000, 132.000000</Point></Points><Dynamic>False</Dynamic><RetainForm>False</RetainForm><AutoRoute>True</AutoRoute><SnapToNodeBorder>False</SnapToNodeBorder><CascadeOrientation>0</CascadeOrientation><CascadeStartHorizontal>True</CascadeStartHorizontal><Text></Text><TextStyle>0</TextStyle><TextColor>#FF000000</TextColor><Reflexive>False</Reflexive><HeadShape>2</HeadShape><BaseShape>0</BaseShape><IntermediateShape>0</IntermediateShape><HeadShapeSize>15.000000</HeadShapeSize><BaseShapeSize>15.000000</BaseShapeSize><IntermediateShapeSize>10.000000</IntermediateShapeSize><CustomDraw>0</CustomDraw><DrawCrossings>True</DrawCrossings><HandlesStyle>1</HandlesStyle><AllowMoveStart>True</AllowMoveStart><AllowMoveEnd>True</AllowMoveEnd><LabelSegment>2147483647</LabelSegment><LabelOffset>0.000000</LabelOffset></Link><Link Class="std:DiagramLink" Id="7" Version="1"><Bounds>328.000000, 76.000000, 32.000000, 79.000000</Bounds><ZIndex>7</ZIndex><ToolTip></ToolTip><Locked>False</Locked><Visible>True</Visible><Printable>True</Printable><Selected>True</Selected><Brush Id="3"/><Pen><Color>#FF000000</Color><DashStyle>0</DashStyle><Width>1.000000</Width></Pen><ShadowOffsetX>3.000000</ShadowOffsetX><ShadowOffsetY>3.000000</ShadowOffsetY><Weight>1.000000</Weight><IgnoreLayout>False</IgnoreLayout><Origin Id="3" ClassId="std:TableNode" Version="1"/><OriginRelative>100.000000, 50.000000</OriginRelative><OriginAnchor>0</OriginAnchor><Destination Id="2" ClassId="std:TableNode" Version="1"/><DestinationRelative>0.000000, 50.000000</DestinationRelative><DestinationAnchor>0</DestinationAnchor><OriginRow>0</OriginRow><DestinationRow>-1</DestinationRow><Style>1</Style><SegmentCount>1</SegmentCount><Points><Point>328.000000, 155.000000</Point><Point>360.000000, 76.000000</Point></Points><Dynamic>False</Dynamic><RetainForm>False</RetainForm><AutoRoute>True</AutoRoute><SnapToNodeBorder>False</SnapToNodeBorder><CascadeOrientation>0</CascadeOrientation><CascadeStartHorizontal>True</CascadeStartHorizontal><Text></Text><TextStyle>0</TextStyle><TextColor>#FF000000</TextColor><Reflexive>False</Reflexive><HeadShape>2</HeadShape><BaseShape>0</BaseShape><IntermediateShape>0</IntermediateShape><HeadShapeSize>15.000000</HeadShapeSize><BaseShapeSize>15.000000</BaseShapeSize><IntermediateShapeSize>10.000000</IntermediateShapeSize><CustomDraw>0</CustomDraw><DrawCrossings>True</DrawCrossings><HandlesStyle>1</HandlesStyle><AllowMoveStart>True</AllowMoveStart><AllowMoveEnd>True</AllowMoveEnd><LabelSegment>2147483647</LabelSegment><LabelOffset>0.000000</LabelOffset></Link></Links><Properties><LinkHeadShape>2</LinkHeadShape><LinkBaseShape>0</LinkBaseShape><LinkIntermediateShape>0</LinkIntermediateShape><LinkHeadShapeSize>15.000000</LinkHeadShapeSize><LinkBaseShapeSize>15.000000</LinkBaseShapeSize><LinkIntermediateShapeSize>10.000000</LinkIntermediateShapeSize><AlignToGrid>True</AlignToGrid><ShowGrid>False</ShowGrid><GridStyle>0</GridStyle><GridColor>#FF8C8C96</GridColor><GridSizeX>16.000000</GridSizeX><GridSizeY>16.000000</GridSizeY><GridOffsetX>0.000000</GridOffsetX><GridOffsetY>0.000000</GridOffsetY><ShadowColor>#FFAAAAAA</ShadowColor><ShadowsStyle>0</ShadowsStyle><ShadowOffsetX>3.000000</ShadowOffsetX><ShadowOffsetY>3.000000</ShadowOffsetY><ImageAlign>0</ImageAlign><TextColor>#FF000000</TextColor><ActiveItemHandlesColor>#FFFFFFFF</ActiveItemHandlesColor><SelectedItemHandlesColor>#FFAAAAAA</SelectedItemHandlesColor><DisabledHandlesColor>#FFC80000</DisabledHandlesColor><LinkStyle>2</LinkStyle><LinkSegments>2</LinkSegments><Bounds>-111.000000, -239.000000, 713.000000, 550.000000</Bounds><TableRowsCount>4</TableRowsCount><TableColumnsCount>2</TableColumnsCount><TableColumnWidth>50.000000</TableColumnWidth><TableRowHeight>22.000000</TableRowHeight><TableCaptionHeight>22.000000</TableCaptionHeight><TableCaption>Table</TableCaption><LinkCascadeOrientation>0</LinkCascadeOrientation><TableCellBorders>2</TableCellBorders><NodesExpandable>False</NodesExpandable><TablesScrollable>False</TablesScrollable><ToolTip></ToolTip><PolygonalTextLayout>False</PolygonalTextLayout><DefaultTextFormat XValue="37"><Alignment>1</Alignment><LineAlignment>1</LineAlignment></DefaultTextFormat><Font><Name>Arial</Name><Size>9.750000</Size><Unit>0</Unit><Bold>False</Bold><Italic>False</Italic><Underline>False</Underline><Strikeout>False</Strikeout><GdiCharSet>1</GdiCharSet></Font><DefaultShape Id="Rectangle"/><ShapePen><Color>#FF000000</Color><DashStyle>0</DashStyle><Width>1.000000</Width></ShapePen><LinkPen><Color>#FF000000</Color><DashStyle>0</DashStyle><Width>1.000000</Width></LinkPen><TablePen><Color>#FF000000</Color><DashStyle>0</DashStyle><Width>1.000000</Width></TablePen><ShapeBrush Id="5"/><LinkBrush Id="3"/><TableBrush Id="1"/><Brush Id="3"/><ExteriorBrush Id="3"/><ShapeHandlesStyle>1</ShapeHandlesStyle><TableHandlesStyle>2</TableHandlesStyle><AllowLinksRepeat>True</AllowLinksRepeat><AllowUnconnectedLinks>False</AllowUnconnectedLinks><AllowUnanchoredLinks>True</AllowUnanchoredLinks><PolygonalTextLayout>False</PolygonalTextLayout><ShapeOrientation>0.000000</ShapeOrientation><RouteLinks>True</RouteLinks><LinksRetainForm>False</LinksRetainForm><LinkTextStyle>0</LinkTextStyle><TableConnectionStyle>0</TableConnectionStyle><MeasureUnit>2</MeasureUnit><MinBounds>-111.000000, -239.000000, 713.000000, 550.000000</MinBounds><ExpandBtnPos>0</ExpandBtnPos><EnableStyledText>False</EnableStyledText><LinkText></LinkText><ShapeText></ShapeText><LinkCrossings>0</LinkCrossings><CrossRadius>8.000000</CrossRadius><LinksSnapToBorders>False</LinksSnapToBorders><LinkHandlesStyle>1</LinkHandlesStyle><RoundedLinks>False</RoundedLinks><RoundedLinksRadius>40.000000</RoundedLinksRadius><EnableLanes>False</EnableLanes></Properties><Resources><Brushes><Brush Index="5" Type="Solid"><Color>#FFCCCCF0</Color></Brush><Brush Index="3" Type="Solid"><Color>#FFFFFFFF</Color></Brush><Brush Index="1" Type="Solid"><Color>#FFDCDCDC</Color></Brush><Brush Index="0" Type="Solid"><Color>#FFF0CC60</Color></Brush><Brush Index="4" Type="Solid"><Color>#FFFFD780</Color></Brush><Brush Index="2" Type="Solid"><Color></Color></Brush></Brushes><Images Count="0"/></Resources><View><Behavior>2</Behavior><ScrollX>-111.000000</ScrollX><ScrollY>-239.000000</ScrollY><ZoomFactor>100.000000</ZoomFactor></View></Diagram>
