<Diagram Version="12"><Nodes><Node Class="std:ShapeNode" Id="0" Version="1"><Bounds>159.000000, -113.000000, 818.000000, 490.000000</Bounds><ZIndex>0</ZIndex><ToolTip>000CC786 , in use by sLiesegang</ToolTip><Locked>True</Locked><Visible>True</Visible><Printable>True</Printable><Selected>False</Selected><Brush Id="0"/><Pen><Color>#FF646464</Color><DashStyle>0</DashStyle><Width>1.000000</Width></Pen><ShadowOffsetX>0.000000</ShadowOffsetX><ShadowOffsetY>0.000000</ShadowOffsetY><Weight>1.000000</Weight><IgnoreLayout>False</IgnoreLayout><HyperLink></HyperLink><Constraints><Constraint Type="0"><Value>0</Value></Constraint><Constraint Type="1"><Value>0.000000</Value></Constraint><Constraint Type="2"><Value>0.000000</Value></Constraint><Constraint Type="3"><Value>0.000000</Value></Constraint><Constraint Type="4"><Value>0.000000</Value></Constraint></Constraints><Obstacle>False</Obstacle><AllowIncomingLinks>True</AllowIncomingLinks><AllowOutgoingLinks>False</AllowOutgoingLinks><EnabledHandles>0</EnabledHandles><HandlesStyle>1</HandlesStyle><Expanded>True</Expanded><Expandable>False</Expandable><XStyle>0</XStyle><Text>T02DinyaQuestOffering</Text><TextColor>#FF000000</TextColor><PolygonalTextLayout>False</PolygonalTextLayout><TextFormat XValue="16"><Alignment>0</Alignment><LineAlignment>0</LineAlignment></TextFormat><PolygonalTextLayout>False</PolygonalTextLayout><EnableStyledText>False</EnableStyledText><ImageAlign>2</ImageAlign><RotationAngle>0.000000</RotationAngle><RotateImage>False</RotateImage><RotateText>False</RotateText><Transparent>False</Transparent><CustomDraw>0</CustomDraw><DecorationColor></DecorationColor></Node><Node Class="std:ShapeNode" Id="1" Version="1"><Bounds>-465.000000, 303.000000, 610.000000, 314.000000</Bounds><ZIndex>1</ZIndex><ToolTip>0003829E 

Last User:sLiesegang
Date:11/2/2009
File:Skyrim.esm</ToolTip><Locked>True</Locked><Visible>True</Visible><Printable>True</Printable><Selected>False</Selected><Brush Id="0"/><Pen><Color>#FF646464</Color><DashStyle>0</DashStyle><Width>1.000000</Width></Pen><ShadowOffsetX>0.000000</ShadowOffsetX><ShadowOffsetY>0.000000</ShadowOffsetY><Weight>1.000000</Weight><IgnoreLayout>False</IgnoreLayout><HyperLink></HyperLink><Constraints><Constraint Type="0"><Value>0</Value></Constraint><Constraint Type="1"><Value>0.000000</Value></Constraint><Constraint Type="2"><Value>0.000000</Value></Constraint><Constraint Type="3"><Value>0.000000</Value></Constraint><Constraint Type="4"><Value>0.000000</Value></Constraint></Constraints><Obstacle>False</Obstacle><AllowIncomingLinks>True</AllowIncomingLinks><AllowOutgoingLinks>False</AllowOutgoingLinks><EnabledHandles>0</EnabledHandles><HandlesStyle>1</HandlesStyle><Expanded>True</Expanded><Expandable>False</Expandable><XStyle>0</XStyle><Text>T02DinyaGiveMarkarthSegmentBranch</Text><TextColor>#FF000000</TextColor><PolygonalTextLayout>False</PolygonalTextLayout><TextFormat XValue="16"><Alignment>0</Alignment><LineAlignment>0</LineAlignment></TextFormat><PolygonalTextLayout>False</PolygonalTextLayout><EnableStyledText>False</EnableStyledText><ImageAlign>2</ImageAlign><RotationAngle>0.000000</RotationAngle><RotateImage>False</RotateImage><RotateText>False</RotateText><Transparent>False</Transparent><CustomDraw>0</CustomDraw><DecorationColor></DecorationColor></Node><Node Class="std:ShapeNode" Id="2" Version="1"><Bounds>-465.000000, 943.000000, 322.000000, 218.000000</Bounds><ZIndex>2</ZIndex><ToolTip>00026F1B 

Last User:sLiesegang
Date:9/30/2009
File:Skyrim.esm</ToolTip><Locked>True</Locked><Visible>True</Visible><Printable>True</Printable><Selected>False</Selected><Brush Id="0"/><Pen><Color>#FF646464</Color><DashStyle>0</DashStyle><Width>1.000000</Width></Pen><ShadowOffsetX>0.000000</ShadowOffsetX><ShadowOffsetY>0.000000</ShadowOffsetY><Weight>1.000000</Weight><IgnoreLayout>False</IgnoreLayout><HyperLink></HyperLink><Constraints><Constraint Type="0"><Value>0</Value></Constraint><Constraint Type="1"><Value>0.000000</Value></Constraint><Constraint Type="2"><Value>0.000000</Value></Constraint><Constraint Type="3"><Value>0.000000</Value></Constraint><Constraint Type="4"><Value>0.000000</Value></Constraint></Constraints><Obstacle>False</Obstacle><AllowIncomingLinks>True</AllowIncomingLinks><AllowOutgoingLinks>False</AllowOutgoingLinks><EnabledHandles>0</EnabledHandles><HandlesStyle>1</HandlesStyle><Expanded>True</Expanded><Expandable>False</Expandable><XStyle>0</XStyle><Text>T02DinyaFinishQuest</Text><TextColor>#FF000000</TextColor><PolygonalTextLayout>False</PolygonalTextLayout><TextFormat XValue="16"><Alignment>0</Alignment><LineAlignment>0</LineAlignment></TextFormat><PolygonalTextLayout>False</PolygonalTextLayout><EnableStyledText>False</EnableStyledText><ImageAlign>2</ImageAlign><RotationAngle>0.000000</RotationAngle><RotateImage>False</RotateImage><RotateText>False</RotateText><Transparent>False</Transparent><CustomDraw>0</CustomDraw><DecorationColor></DecorationColor></Node><Node Class="std:ShapeNode" Id="3" Version="1"><Bounds>-465.000000, 623.000000, 338.000000, 314.000000</Bounds><ZIndex>3</ZIndex><ToolTip>00026F0E 

Last User:sLiesegang
Date:11/2/2009
File:Skyrim.esm</ToolTip><Locked>True</Locked><Visible>True</Visible><Printable>True</Printable><Selected>False</Selected><Brush Id="0"/><Pen><Color>#FF646464</Color><DashStyle>0</DashStyle><Width>1.000000</Width></Pen><ShadowOffsetX>0.000000</ShadowOffsetX><ShadowOffsetY>0.000000</ShadowOffsetY><Weight>1.000000</Weight><IgnoreLayout>False</IgnoreLayout><HyperLink></HyperLink><Constraints><Constraint Type="0"><Value>0</Value></Constraint><Constraint Type="1"><Value>0.000000</Value></Constraint><Constraint Type="2"><Value>0.000000</Value></Constraint><Constraint Type="3"><Value>0.000000</Value></Constraint><Constraint Type="4"><Value>0.000000</Value></Constraint></Constraints><Obstacle>False</Obstacle><AllowIncomingLinks>True</AllowIncomingLinks><AllowOutgoingLinks>False</AllowOutgoingLinks><EnabledHandles>0</EnabledHandles><HandlesStyle>1</HandlesStyle><Expanded>True</Expanded><Expandable>False</Expandable><XStyle>0</XStyle><Text>T02DinyaGiveQuestFinalSegment</Text><TextColor>#FF000000</TextColor><PolygonalTextLayout>False</PolygonalTextLayout><TextFormat XValue="16"><Alignment>0</Alignment><LineAlignment>0</LineAlignment></TextFormat><PolygonalTextLayout>False</PolygonalTextLayout><EnableStyledText>False</EnableStyledText><ImageAlign>2</ImageAlign><RotationAngle>0.000000</RotationAngle><RotateImage>False</RotateImage><RotateText>False</RotateText><Transparent>False</Transparent><CustomDraw>0</CustomDraw><DecorationColor></DecorationColor></Node><Node Class="std:ShapeNode" Id="4" Version="1"><Bounds>-465.000000, -1.000000, 594.000000, 234.000000</Bounds><ZIndex>4</ZIndex><ToolTip>00026EF9 

Last User:sLiesegang
Date:9/30/2009
File:Skyrim.esm</ToolTip><Locked>True</Locked><Visible>True</Visible><Printable>True</Printable><Selected>False</Selected><Brush Id="0"/><Pen><Color>#FF646464</Color><DashStyle>0</DashStyle><Width>1.000000</Width></Pen><ShadowOffsetX>0.000000</ShadowOffsetX><ShadowOffsetY>0.000000</ShadowOffsetY><Weight>1.000000</Weight><IgnoreLayout>False</IgnoreLayout><HyperLink></HyperLink><Constraints><Constraint Type="0"><Value>0</Value></Constraint><Constraint Type="1"><Value>0.000000</Value></Constraint><Constraint Type="2"><Value>0.000000</Value></Constraint><Constraint Type="3"><Value>0.000000</Value></Constraint><Constraint Type="4"><Value>0.000000</Value></Constraint></Constraints><Obstacle>False</Obstacle><AllowIncomingLinks>True</AllowIncomingLinks><AllowOutgoingLinks>False</AllowOutgoingLinks><EnabledHandles>0</EnabledHandles><HandlesStyle>1</HandlesStyle><Expanded>True</Expanded><Expandable>False</Expandable><XStyle>0</XStyle><Text>T02DinyaQuestStart</Text><TextColor>#FF000000</TextColor><PolygonalTextLayout>False</PolygonalTextLayout><TextFormat XValue="16"><Alignment>0</Alignment><LineAlignment>0</LineAlignment></TextFormat><PolygonalTextLayout>False</PolygonalTextLayout><EnableStyledText>False</EnableStyledText><ImageAlign>2</ImageAlign><RotationAngle>0.000000</RotationAngle><RotateImage>False</RotateImage><RotateText>False</RotateText><Transparent>False</Transparent><CustomDraw>0</CustomDraw><DecorationColor></DecorationColor></Node><Node Class="std:TableNode" Id="5" Version="1"><Bounds>-152.000000, 40.000000, 256.000000, 152.000000</Bounds><ZIndex>5</ZIndex><ToolTip>00026EA9 - Custom

Last User:sLiesegang
Date:5/17/2010
File:Skyrim.esm</ToolTip><Locked>False</Locked><Visible>True</Visible><Printable>True</Printable><Selected>False</Selected><Brush Id="1"/><Pen><Color>#FF000000</Color><DashStyle>0</DashStyle><Width>1.000000</Width></Pen><ShadowOffsetX>3.000000</ShadowOffsetX><ShadowOffsetY>3.000000</ShadowOffsetY><Weight>1.000000</Weight><IgnoreLayout>False</IgnoreLayout><HyperLink></HyperLink><AnchorPattern Id="TableInPattern"/><Constraints><Constraint Type="0"><Value>0</Value></Constraint><Constraint Type="1"><Value>0.000000</Value></Constraint><Constraint Type="2"><Value>0.000000</Value></Constraint><Constraint Type="3"><Value>0.000000</Value></Constraint><Constraint Type="4"><Value>0.000000</Value></Constraint></Constraints><Obstacle>True</Obstacle><AllowIncomingLinks>True</AllowIncomingLinks><AllowOutgoingLinks>False</AllowOutgoingLinks><EnabledHandles>-1</EnabledHandles><HandlesStyle>2</HandlesStyle><Cells><Cell><Text></Text><ToolTip></ToolTip><TextFormat XValue="36"><Alignment>0</Alignment><LineAlignment>1</LineAlignment></TextFormat><TextColor>#FF000000</TextColor><Brush Id="2"/><ImageAlign>4</ImageAlign><ColumnSpan>1</ColumnSpan><RowSpan>1</RowSpan></Cell><Cell><Text>[S] Not all can hear the broad echoes of deepest dawn.  | To receive the touch of Mara, you must first act as her hands in the world. | Explore the facets of the infinite jewel. </Text><ToolTip></ToolTip><TextFormat XValue="16"><Alignment>0</Alignment><LineAlignment>0</LineAlignment></TextFormat><TextColor></TextColor><Brush Id="3"/><ImageAlign>4</ImageAlign><ColumnSpan>1</ColumnSpan><RowSpan>1</RowSpan></Cell></Cells><Rows><Row><AnchorPattern Id="TableOutPattern"/><Height>108.000000</Height><Header>False</Header><Expanded>True</Expanded></Row></Rows><Columns><Column><Width>50.000000</Width><ColumnStyle>0</ColumnStyle></Column><Column><Width>50.000000</Width><ColumnStyle>0</ColumnStyle></Column></Columns><Caption>T02DinyaHowToGetBlessing: &lt;b&gt;May I receive her blessings?&lt;/b&gt;</Caption><CaptionColor>#FF000000</CaptionColor><CaptionHeight>44.000000</CaptionHeight><CaptionFormat XValue="2000"><Alignment>1</Alignment><LineAlignment>0</LineAlignment></CaptionFormat><CaptionBackBrush Id="1"/><EnableStyledText>True</EnableStyledText><ConnectionStyle>0</ConnectionStyle><ImageAlign>2</ImageAlign><Style>0</Style><CustomDraw>0</CustomDraw><CellFrameStyle>2</CellFrameStyle><CellCustomDraw>0</CellCustomDraw><TextColor>#FF000000</TextColor><RowHeight>22.000000</RowHeight><ColumnWidth>50.000000</ColumnWidth><CurrentScrollRow>0</CurrentScrollRow><Scrollable>False</Scrollable><OffsetHeaderRows>False</OffsetHeaderRows></Node><Node Class="std:TableNode" Id="6" Version="1"><Bounds>696.000000, -88.000000, 256.000000, 280.000000</Bounds><ZIndex>6</ZIndex><ToolTip>00026EA7 - Custom

Last User:sLiesegang
Date:4/20/2011
File:Skyrim.esm</ToolTip><Locked>False</Locked><Visible>True</Visible><Printable>True</Printable><Selected>False</Selected><Brush Id="1"/><Pen><Color>#FF000000</Color><DashStyle>0</DashStyle><Width>1.000000</Width></Pen><ShadowOffsetX>3.000000</ShadowOffsetX><ShadowOffsetY>3.000000</ShadowOffsetY><Weight>1.000000</Weight><IgnoreLayout>False</IgnoreLayout><HyperLink></HyperLink><AnchorPattern Id="TableInPattern"/><Constraints><Constraint Type="0"><Value>0</Value></Constraint><Constraint Type="1"><Value>0.000000</Value></Constraint><Constraint Type="2"><Value>0.000000</Value></Constraint><Constraint Type="3"><Value>0.000000</Value></Constraint><Constraint Type="4"><Value>0.000000</Value></Constraint></Constraints><Obstacle>True</Obstacle><AllowIncomingLinks>True</AllowIncomingLinks><AllowOutgoingLinks>False</AllowOutgoingLinks><EnabledHandles>-1</EnabledHandles><HandlesStyle>2</HandlesStyle><Cells><Cell><Text></Text><ToolTip></ToolTip><TextFormat XValue="36"><Alignment>0</Alignment><LineAlignment>1</LineAlignment></TextFormat><TextColor>#FF000000</TextColor><Brush Id="2"/><ImageAlign>4</ImageAlign><ColumnSpan>1</ColumnSpan><RowSpan>1</RowSpan></Cell><Cell><Text>[S] G|The dawn surely opens upon you, child. You must bear its light that all may see.  | Mara has reflected an image to me. At the foot of the throat and young woman... almost a girl... her fickle love must resolve itself. | The village of Ivarstead. The woman, Fastred.  | This is the prayer heard by the goddess and relayed to her servants. Return when she has seen her path. | I will entreat Mara on your behalf.</Text><ToolTip></ToolTip><TextFormat XValue="16"><Alignment>0</Alignment><LineAlignment>0</LineAlignment></TextFormat><TextColor></TextColor><Brush Id="3"/><ImageAlign>4</ImageAlign><ColumnSpan>1</ColumnSpan><RowSpan>1</RowSpan></Cell></Cells><Rows><Row><AnchorPattern Id="TableOutPattern"/><Height>236.000000</Height><Header>False</Header><Expanded>True</Expanded></Row></Rows><Columns><Column><Width>50.000000</Width><ColumnStyle>0</ColumnStyle></Column><Column><Width>50.000000</Width><ColumnStyle>0</ColumnStyle></Column></Columns><Caption>T02DinyaAcceptQuest: &lt;b&gt;Just tell me what to do.&lt;/b&gt;</Caption><CaptionColor>#FF000000</CaptionColor><CaptionHeight>44.000000</CaptionHeight><CaptionFormat XValue="2000"><Alignment>1</Alignment><LineAlignment>0</LineAlignment></CaptionFormat><CaptionBackBrush Id="1"/><EnableStyledText>True</EnableStyledText><ConnectionStyle>0</ConnectionStyle><ImageAlign>2</ImageAlign><Style>0</Style><CustomDraw>0</CustomDraw><CellFrameStyle>2</CellFrameStyle><CellCustomDraw>0</CellCustomDraw><TextColor>#FF000000</TextColor><RowHeight>22.000000</RowHeight><ColumnWidth>50.000000</ColumnWidth><CurrentScrollRow>0</CurrentScrollRow><Scrollable>False</Scrollable><OffsetHeaderRows>False</OffsetHeaderRows></Node><Node Class="std:TableNode" Id="7" Version="1"><Bounds>-440.000000, 24.000000, 232.000000, 184.000000</Bounds><ZIndex>7</ZIndex><ToolTip>00026EB3 - Custom

Last User:sLiesegang
Date:11/29/2010
File:Skyrim.esm</ToolTip><Locked>False</Locked><Visible>True</Visible><Printable>True</Printable><Selected>False</Selected><Brush Id="1"/><Pen><Color>#FF000000</Color><DashStyle>0</DashStyle><Width>1.000000</Width></Pen><ShadowOffsetX>3.000000</ShadowOffsetX><ShadowOffsetY>3.000000</ShadowOffsetY><Weight>1.000000</Weight><IgnoreLayout>False</IgnoreLayout><HyperLink></HyperLink><AnchorPattern Id="TableInPattern"/><Constraints><Constraint Type="0"><Value>0</Value></Constraint><Constraint Type="1"><Value>0.000000</Value></Constraint><Constraint Type="2"><Value>0.000000</Value></Constraint><Constraint Type="3"><Value>0.000000</Value></Constraint><Constraint Type="4"><Value>0.000000</Value></Constraint></Constraints><Obstacle>True</Obstacle><AllowIncomingLinks>True</AllowIncomingLinks><AllowOutgoingLinks>False</AllowOutgoingLinks><EnabledHandles>-1</EnabledHandles><HandlesStyle>2</HandlesStyle><Cells><Cell><Text></Text><ToolTip></ToolTip><TextFormat XValue="36"><Alignment>0</Alignment><LineAlignment>1</LineAlignment></TextFormat><TextColor>#FF000000</TextColor><Brush Id="2"/><ImageAlign>4</ImageAlign><ColumnSpan>1</ColumnSpan><RowSpan>1</RowSpan></Cell><Cell><Text>We are devoted to the Goddess Mara, who gave mortals the gift of love that they might have a hint of eternity. | Her blessings are many. To love is to know the true nature of the gods.</Text><ToolTip></ToolTip><TextFormat XValue="16"><Alignment>0</Alignment><LineAlignment>0</LineAlignment></TextFormat><TextColor></TextColor><Brush Id="3"/><ImageAlign>4</ImageAlign><ColumnSpan>1</ColumnSpan><RowSpan>1</RowSpan></Cell></Cells><Rows><Row><AnchorPattern Id="TableOutPattern"/><Height>124.000000</Height><Header>False</Header><Expanded>True</Expanded></Row></Rows><Columns><Column><Width>50.000000</Width><ColumnStyle>0</ColumnStyle></Column><Column><Width>50.000000</Width><ColumnStyle>0</ColumnStyle></Column></Columns><Caption>T02DinyaQuestStartTopic: &lt;b&gt;Which of the Eight Divines do you serve?&lt;/b&gt;</Caption><CaptionColor>#FF000000</CaptionColor><CaptionHeight>60.000000</CaptionHeight><CaptionFormat XValue="2000"><Alignment>1</Alignment><LineAlignment>0</LineAlignment></CaptionFormat><CaptionBackBrush Id="4"/><EnableStyledText>True</EnableStyledText><ConnectionStyle>0</ConnectionStyle><ImageAlign>2</ImageAlign><Style>0</Style><CustomDraw>0</CustomDraw><CellFrameStyle>2</CellFrameStyle><CellCustomDraw>0</CellCustomDraw><TextColor>#FF000000</TextColor><RowHeight>22.000000</RowHeight><ColumnWidth>50.000000</ColumnWidth><CurrentScrollRow>0</CurrentScrollRow><Scrollable>False</Scrollable><OffsetHeaderRows>False</OffsetHeaderRows></Node><Node Class="std:TableNode" Id="8" Version="1"><Bounds>-440.000000, 648.000000, 288.000000, 264.000000</Bounds><ZIndex>8</ZIndex><ToolTip>00026E83 - Custom

Last User:sLiesegang
Date:11/2/2009
File:Skyrim.esm</ToolTip><Locked>False</Locked><Visible>True</Visible><Printable>True</Printable><Selected>False</Selected><Brush Id="1"/><Pen><Color>#FF000000</Color><DashStyle>0</DashStyle><Width>1.000000</Width></Pen><ShadowOffsetX>3.000000</ShadowOffsetX><ShadowOffsetY>3.000000</ShadowOffsetY><Weight>1.000000</Weight><IgnoreLayout>False</IgnoreLayout><HyperLink></HyperLink><AnchorPattern Id="TableInPattern"/><Constraints><Constraint Type="0"><Value>0</Value></Constraint><Constraint Type="1"><Value>0.000000</Value></Constraint><Constraint Type="2"><Value>0.000000</Value></Constraint><Constraint Type="3"><Value>0.000000</Value></Constraint><Constraint Type="4"><Value>0.000000</Value></Constraint></Constraints><Obstacle>True</Obstacle><AllowIncomingLinks>True</AllowIncomingLinks><AllowOutgoingLinks>False</AllowOutgoingLinks><EnabledHandles>-1</EnabledHandles><HandlesStyle>2</HandlesStyle><Cells><Cell><Text></Text><ToolTip></ToolTip><TextFormat XValue="36"><Alignment>0</Alignment><LineAlignment>1</LineAlignment></TextFormat><TextColor>#FF007800</TextColor><Brush Id="2"/><ImageAlign>4</ImageAlign><ColumnSpan>1</ColumnSpan><RowSpan>1</RowSpan></Cell><Cell><Text>[S] The goddess smiles at your efforts, child. The dawn shines bright upon you. | You have seen the young, fickle love of youth, and helped a more seasoned love find its way.  | There is one final aspect we wish for you to explore. For a strong love can withstand storms and even survive death. | Take this symbol of Mara. She will guide you to the wandering souls of two whose love was so great that their entwinement binds them to this world.</Text><ToolTip></ToolTip><TextFormat XValue="16"><Alignment>0</Alignment><LineAlignment>0</LineAlignment></TextFormat><TextColor></TextColor><Brush Id="3"/><ImageAlign>4</ImageAlign><ColumnSpan>1</ColumnSpan><RowSpan>1</RowSpan></Cell></Cells><Rows><Row><AnchorPattern Id="TableOutPattern"/><Height>220.000000</Height><Header>False</Header><Expanded>True</Expanded></Row></Rows><Columns><Column><Width>50.000000</Width><ColumnStyle>0</ColumnStyle></Column><Column><Width>50.000000</Width><ColumnStyle>0</ColumnStyle></Column></Columns><Caption>T02DinyaGiveQuestPhaseTwoTopic: &lt;b&gt;I helped the forlorn lovers of Markarth.&lt;/b&gt;</Caption><CaptionColor>#FF000000</CaptionColor><CaptionHeight>44.000000</CaptionHeight><CaptionFormat XValue="2000"><Alignment>1</Alignment><LineAlignment>0</LineAlignment></CaptionFormat><CaptionBackBrush Id="4"/><EnableStyledText>True</EnableStyledText><ConnectionStyle>0</ConnectionStyle><ImageAlign>2</ImageAlign><Style>0</Style><CustomDraw>0</CustomDraw><CellFrameStyle>2</CellFrameStyle><CellCustomDraw>0</CellCustomDraw><TextColor>#FF000000</TextColor><RowHeight>22.000000</RowHeight><ColumnWidth>50.000000</ColumnWidth><CurrentScrollRow>0</CurrentScrollRow><Scrollable>False</Scrollable><OffsetHeaderRows>False</OffsetHeaderRows></Node><Node Class="std:TableNode" Id="9" Version="1"><Bounds>-440.000000, 968.000000, 272.000000, 168.000000</Bounds><ZIndex>9</ZIndex><ToolTip>00026E79 - Custom

Last User:sLiesegang
Date:11/2/2009
File:Skyrim.esm</ToolTip><Locked>False</Locked><Visible>True</Visible><Printable>True</Printable><Selected>False</Selected><Brush Id="1"/><Pen><Color>#FF000000</Color><DashStyle>0</DashStyle><Width>1.000000</Width></Pen><ShadowOffsetX>3.000000</ShadowOffsetX><ShadowOffsetY>3.000000</ShadowOffsetY><Weight>1.000000</Weight><IgnoreLayout>False</IgnoreLayout><HyperLink></HyperLink><AnchorPattern Id="TableInPattern"/><Constraints><Constraint Type="0"><Value>0</Value></Constraint><Constraint Type="1"><Value>0.000000</Value></Constraint><Constraint Type="2"><Value>0.000000</Value></Constraint><Constraint Type="3"><Value>0.000000</Value></Constraint><Constraint Type="4"><Value>0.000000</Value></Constraint></Constraints><Obstacle>True</Obstacle><AllowIncomingLinks>True</AllowIncomingLinks><AllowOutgoingLinks>False</AllowOutgoingLinks><EnabledHandles>-1</EnabledHandles><HandlesStyle>2</HandlesStyle><Cells><Cell><Text></Text><ToolTip></ToolTip><TextFormat XValue="36"><Alignment>0</Alignment><LineAlignment>1</LineAlignment></TextFormat><TextColor>#FF000000</TextColor><Brush Id="2"/><ImageAlign>4</ImageAlign><ColumnSpan>1</ColumnSpan><RowSpan>1</RowSpan></Cell><Cell><Text>[S] Your efforts have helped illuminate the entire province. I trust by now you've achieved a higher comprehension of love. | Carry the blessings of Mara with you, so the rest of the province may shine with her glories.</Text><ToolTip></ToolTip><TextFormat XValue="16"><Alignment>0</Alignment><LineAlignment>0</LineAlignment></TextFormat><TextColor></TextColor><Brush Id="3"/><ImageAlign>4</ImageAlign><ColumnSpan>1</ColumnSpan><RowSpan>1</RowSpan></Cell></Cells><Rows><Row><AnchorPattern Id="TableOutPattern"/><Height>124.000000</Height><Header>False</Header><Expanded>True</Expanded></Row></Rows><Columns><Column><Width>50.000000</Width><ColumnStyle>0</ColumnStyle></Column><Column><Width>50.000000</Width><ColumnStyle>0</ColumnStyle></Column></Columns><Caption>T02DinyaFinishQuestTopic: &lt;b&gt;I helped the long-dead lovers find each other.&lt;/b&gt;</Caption><CaptionColor>#FF000000</CaptionColor><CaptionHeight>44.000000</CaptionHeight><CaptionFormat XValue="2000"><Alignment>1</Alignment><LineAlignment>0</LineAlignment></CaptionFormat><CaptionBackBrush Id="4"/><EnableStyledText>True</EnableStyledText><ConnectionStyle>0</ConnectionStyle><ImageAlign>2</ImageAlign><Style>0</Style><CustomDraw>0</CustomDraw><CellFrameStyle>2</CellFrameStyle><CellCustomDraw>0</CellCustomDraw><TextColor>#FF000000</TextColor><RowHeight>22.000000</RowHeight><ColumnWidth>50.000000</ColumnWidth><CurrentScrollRow>0</CurrentScrollRow><Scrollable>False</Scrollable><OffsetHeaderRows>False</OffsetHeaderRows></Node><Node Class="std:TableNode" Id="10" Version="1"><Bounds>-440.000000, 360.000000, 216.000000, 136.000000</Bounds><ZIndex>10</ZIndex><ToolTip>0003825E - Custom

Last User:sLiesegang
Date:11/2/2009
File:Skyrim.esm</ToolTip><Locked>False</Locked><Visible>True</Visible><Printable>True</Printable><Selected>False</Selected><Brush Id="1"/><Pen><Color>#FF000000</Color><DashStyle>0</DashStyle><Width>1.000000</Width></Pen><ShadowOffsetX>3.000000</ShadowOffsetX><ShadowOffsetY>3.000000</ShadowOffsetY><Weight>1.000000</Weight><IgnoreLayout>False</IgnoreLayout><HyperLink></HyperLink><AnchorPattern Id="TableInPattern"/><Constraints><Constraint Type="0"><Value>0</Value></Constraint><Constraint Type="1"><Value>0.000000</Value></Constraint><Constraint Type="2"><Value>0.000000</Value></Constraint><Constraint Type="3"><Value>0.000000</Value></Constraint><Constraint Type="4"><Value>0.000000</Value></Constraint></Constraints><Obstacle>True</Obstacle><AllowIncomingLinks>True</AllowIncomingLinks><AllowOutgoingLinks>False</AllowOutgoingLinks><EnabledHandles>-1</EnabledHandles><HandlesStyle>2</HandlesStyle><Cells><Cell><Text></Text><ToolTip></ToolTip><TextFormat XValue="36"><Alignment>0</Alignment><LineAlignment>1</LineAlignment></TextFormat><TextColor>#FF000000</TextColor><Brush Id="2"/><ImageAlign>4</ImageAlign><ColumnSpan>1</ColumnSpan><RowSpan>1</RowSpan></Cell><Cell><Text>How wonderful. Like the sea, their love roils and swells, but brings life and nourishment to all.</Text><ToolTip></ToolTip><TextFormat XValue="16"><Alignment>0</Alignment><LineAlignment>0</LineAlignment></TextFormat><TextColor></TextColor><Brush Id="3"/><ImageAlign>4</ImageAlign><ColumnSpan>1</ColumnSpan><RowSpan>1</RowSpan></Cell></Cells><Rows><Row><AnchorPattern Id="TableOutPattern"/><Height>76.000000</Height><Header>False</Header><Expanded>True</Expanded></Row></Rows><Columns><Column><Width>50.000000</Width><ColumnStyle>0</ColumnStyle></Column><Column><Width>50.000000</Width><ColumnStyle>0</ColumnStyle></Column></Columns><Caption>T02DinyaGiveMarkarthSegmentBranchTopic: &lt;b&gt;I helped the young lovers in Ivarstead.&lt;/b&gt;</Caption><CaptionColor>#FF000000</CaptionColor><CaptionHeight>60.000000</CaptionHeight><CaptionFormat XValue="2000"><Alignment>1</Alignment><LineAlignment>0</LineAlignment></CaptionFormat><CaptionBackBrush Id="4"/><EnableStyledText>True</EnableStyledText><ConnectionStyle>0</ConnectionStyle><ImageAlign>2</ImageAlign><Style>0</Style><CustomDraw>0</CustomDraw><CellFrameStyle>2</CellFrameStyle><CellCustomDraw>0</CellCustomDraw><TextColor>#FF000000</TextColor><RowHeight>22.000000</RowHeight><ColumnWidth>50.000000</ColumnWidth><CurrentScrollRow>0</CurrentScrollRow><Scrollable>False</Scrollable><OffsetHeaderRows>False</OffsetHeaderRows></Node><Node Class="std:TableNode" Id="11" Version="1"><Bounds>-152.000000, 328.000000, 272.000000, 264.000000</Bounds><ZIndex>11</ZIndex><ToolTip>00039CA2 - Custom

Last User:sLiesegang
Date:5/17/2010
File:Skyrim.esm</ToolTip><Locked>False</Locked><Visible>True</Visible><Printable>True</Printable><Selected>False</Selected><Brush Id="1"/><Pen><Color>#FF000000</Color><DashStyle>0</DashStyle><Width>1.000000</Width></Pen><ShadowOffsetX>3.000000</ShadowOffsetX><ShadowOffsetY>3.000000</ShadowOffsetY><Weight>1.000000</Weight><IgnoreLayout>False</IgnoreLayout><HyperLink></HyperLink><AnchorPattern Id="TableInPattern"/><Constraints><Constraint Type="0"><Value>0</Value></Constraint><Constraint Type="1"><Value>0.000000</Value></Constraint><Constraint Type="2"><Value>0.000000</Value></Constraint><Constraint Type="3"><Value>0.000000</Value></Constraint><Constraint Type="4"><Value>0.000000</Value></Constraint></Constraints><Obstacle>True</Obstacle><AllowIncomingLinks>True</AllowIncomingLinks><AllowOutgoingLinks>False</AllowOutgoingLinks><EnabledHandles>-1</EnabledHandles><HandlesStyle>2</HandlesStyle><Cells><Cell><Text></Text><ToolTip></ToolTip><TextFormat XValue="36"><Alignment>0</Alignment><LineAlignment>1</LineAlignment></TextFormat><TextColor>#FF007800</TextColor><Brush Id="2"/><ImageAlign>4</ImageAlign><ColumnSpan>1</ColumnSpan><RowSpan>1</RowSpan></Cell><Cell><Text>[S] G|I see you are eager to carry the light. | As you venture, Mara fills my mind ever more with visions of love in peril. | Embers lie nestled in stone, needing only fuel to bloom to a flame that will warm all around them. | Go to Markarth. There you'll find Calcelmo, wise, acid, and reclusive. Help him to emerge and state his intentions. | This is the prayer heard by the goddess and relayed to her servants.</Text><ToolTip></ToolTip><TextFormat XValue="16"><Alignment>0</Alignment><LineAlignment>0</LineAlignment></TextFormat><TextColor></TextColor><Brush Id="3"/><ImageAlign>4</ImageAlign><ColumnSpan>1</ColumnSpan><RowSpan>1</RowSpan></Cell></Cells><Rows><Row><AnchorPattern Id="TableOutPattern"/><Height>220.000000</Height><Header>False</Header><Expanded>True</Expanded></Row></Rows><Columns><Column><Width>50.000000</Width><ColumnStyle>0</ColumnStyle></Column><Column><Width>50.000000</Width><ColumnStyle>0</ColumnStyle></Column></Columns><Caption>T02DinyaNextStep: &lt;b&gt;Does Mara require more of me?&lt;/b&gt;</Caption><CaptionColor>#FF000000</CaptionColor><CaptionHeight>44.000000</CaptionHeight><CaptionFormat XValue="2000"><Alignment>1</Alignment><LineAlignment>0</LineAlignment></CaptionFormat><CaptionBackBrush Id="1"/><EnableStyledText>True</EnableStyledText><ConnectionStyle>0</ConnectionStyle><ImageAlign>2</ImageAlign><Style>0</Style><CustomDraw>0</CustomDraw><CellFrameStyle>2</CellFrameStyle><CellCustomDraw>0</CellCustomDraw><TextColor>#FF000000</TextColor><RowHeight>22.000000</RowHeight><ColumnWidth>50.000000</ColumnWidth><CurrentScrollRow>0</CurrentScrollRow><Scrollable>False</Scrollable><OffsetHeaderRows>False</OffsetHeaderRows></Node><Node Class="std:TableNode" Id="12" Version="1"><Bounds>696.000000, 200.000000, 256.000000, 152.000000</Bounds><ZIndex>12</ZIndex><ToolTip>000CC771 - Custom

Last User:sLiesegang
Date:4/20/2011
File:Skyrim.esm</ToolTip><Locked>False</Locked><Visible>True</Visible><Printable>True</Printable><Selected>False</Selected><Brush Id="1"/><Pen><Color>#FF000000</Color><DashStyle>0</DashStyle><Width>1.000000</Width></Pen><ShadowOffsetX>3.000000</ShadowOffsetX><ShadowOffsetY>3.000000</ShadowOffsetY><Weight>1.000000</Weight><IgnoreLayout>False</IgnoreLayout><HyperLink></HyperLink><AnchorPattern Id="TableInPattern"/><Constraints><Constraint Type="0"><Value>0</Value></Constraint><Constraint Type="1"><Value>0.000000</Value></Constraint><Constraint Type="2"><Value>0.000000</Value></Constraint><Constraint Type="3"><Value>0.000000</Value></Constraint><Constraint Type="4"><Value>0.000000</Value></Constraint></Constraints><Obstacle>True</Obstacle><AllowIncomingLinks>True</AllowIncomingLinks><AllowOutgoingLinks>False</AllowOutgoingLinks><EnabledHandles>-1</EnabledHandles><HandlesStyle>2</HandlesStyle><Cells><Cell><Text></Text><ToolTip></ToolTip><TextFormat XValue="36"><Alignment>0</Alignment><LineAlignment>1</LineAlignment></TextFormat><TextColor>#FF000000</TextColor><Brush Id="2"/><ImageAlign>4</ImageAlign><ColumnSpan>1</ColumnSpan><RowSpan>1</RowSpan></Cell><Cell><Text>G|Do not forsake your heart, child, for it may one day come to surprise you. | Mara will always accept into her arms should you seek return to her fold.</Text><ToolTip></ToolTip><TextFormat XValue="16"><Alignment>0</Alignment><LineAlignment>0</LineAlignment></TextFormat><TextColor></TextColor><Brush Id="3"/><ImageAlign>4</ImageAlign><ColumnSpan>1</ColumnSpan><RowSpan>1</RowSpan></Cell></Cells><Rows><Row><AnchorPattern Id="TableOutPattern"/><Height>108.000000</Height><Header>False</Header><Expanded>True</Expanded></Row></Rows><Columns><Column><Width>50.000000</Width><ColumnStyle>0</ColumnStyle></Column><Column><Width>50.000000</Width><ColumnStyle>0</ColumnStyle></Column></Columns><Caption>T02DinyaNahNotForMe: &lt;b&gt;I don't think I can help you.&lt;/b&gt;</Caption><CaptionColor>#FF000000</CaptionColor><CaptionHeight>44.000000</CaptionHeight><CaptionFormat XValue="2000"><Alignment>1</Alignment><LineAlignment>0</LineAlignment></CaptionFormat><CaptionBackBrush Id="1"/><EnableStyledText>True</EnableStyledText><ConnectionStyle>0</ConnectionStyle><ImageAlign>2</ImageAlign><Style>0</Style><CustomDraw>0</CustomDraw><CellFrameStyle>2</CellFrameStyle><CellCustomDraw>0</CellCustomDraw><TextColor>#FF000000</TextColor><RowHeight>22.000000</RowHeight><ColumnWidth>50.000000</ColumnWidth><CurrentScrollRow>0</CurrentScrollRow><Scrollable>False</Scrollable><OffsetHeaderRows>False</OffsetHeaderRows></Node><Node Class="std:TableNode" Id="13" Version="1"><Bounds>184.000000, 40.000000, 200.000000, 104.000000</Bounds><ZIndex>13</ZIndex><ToolTip>000CC76F - Custom

Last User:sLiesegang
Date:4/20/2011
File:Skyrim.esm</ToolTip><Locked>False</Locked><Visible>True</Visible><Printable>True</Printable><Selected>False</Selected><Brush Id="1"/><Pen><Color>#FF000000</Color><DashStyle>0</DashStyle><Width>1.000000</Width></Pen><ShadowOffsetX>3.000000</ShadowOffsetX><ShadowOffsetY>3.000000</ShadowOffsetY><Weight>1.000000</Weight><IgnoreLayout>False</IgnoreLayout><HyperLink></HyperLink><AnchorPattern Id="TableInPattern"/><Constraints><Constraint Type="0"><Value>0</Value></Constraint><Constraint Type="1"><Value>0.000000</Value></Constraint><Constraint Type="2"><Value>0.000000</Value></Constraint><Constraint Type="3"><Value>0.000000</Value></Constraint><Constraint Type="4"><Value>0.000000</Value></Constraint></Constraints><Obstacle>True</Obstacle><AllowIncomingLinks>True</AllowIncomingLinks><AllowOutgoingLinks>False</AllowOutgoingLinks><EnabledHandles>-1</EnabledHandles><HandlesStyle>2</HandlesStyle><Cells><Cell><Text></Text><ToolTip></ToolTip><TextFormat XValue="36"><Alignment>0</Alignment><LineAlignment>1</LineAlignment></TextFormat><TextColor>#FF000000</TextColor><Brush Id="2"/><ImageAlign>4</ImageAlign><ColumnSpan>1</ColumnSpan><RowSpan>1</RowSpan></Cell><Cell><Text>Always, child. Mara's mercy is ever-flowing.</Text><ToolTip></ToolTip><TextFormat XValue="16"><Alignment>0</Alignment><LineAlignment>0</LineAlignment></TextFormat><TextColor></TextColor><Brush Id="3"/><ImageAlign>4</ImageAlign><ColumnSpan>1</ColumnSpan><RowSpan>1</RowSpan></Cell></Cells><Rows><Row><AnchorPattern Id="TableOutPattern"/><Height>44.000000</Height><Header>False</Header><Expanded>True</Expanded></Row></Rows><Columns><Column><Width>50.000000</Width><ColumnStyle>0</ColumnStyle></Column><Column><Width>50.000000</Width><ColumnStyle>0</ColumnStyle></Column></Columns><Caption>T02DinyaQuestOfferingTopic: &lt;b&gt;Is it still possible to aid the temple?&lt;/b&gt;</Caption><CaptionColor>#FF000000</CaptionColor><CaptionHeight>60.000000</CaptionHeight><CaptionFormat XValue="2000"><Alignment>1</Alignment><LineAlignment>0</LineAlignment></CaptionFormat><CaptionBackBrush Id="4"/><EnableStyledText>True</EnableStyledText><ConnectionStyle>0</ConnectionStyle><ImageAlign>2</ImageAlign><Style>0</Style><CustomDraw>0</CustomDraw><CellFrameStyle>2</CellFrameStyle><CellCustomDraw>0</CellCustomDraw><TextColor>#FF000000</TextColor><RowHeight>22.000000</RowHeight><ColumnWidth>50.000000</ColumnWidth><CurrentScrollRow>0</CurrentScrollRow><Scrollable>False</Scrollable><OffsetHeaderRows>False</OffsetHeaderRows></Node><Node Class="std:TableNode" Id="14" Version="1"><Bounds>440.000000, 56.000000, 200.000000, 88.000000</Bounds><ZIndex>14</ZIndex><ToolTip>000CC76E - Custom

Last User:sLiesegang
Date:4/20/2011
File:Skyrim.esm</ToolTip><Locked>False</Locked><Visible>True</Visible><Printable>True</Printable><Selected>False</Selected><Brush Id="1"/><Pen><Color>#FF000000</Color><DashStyle>0</DashStyle><Width>1.000000</Width></Pen><ShadowOffsetX>3.000000</ShadowOffsetX><ShadowOffsetY>3.000000</ShadowOffsetY><Weight>1.000000</Weight><IgnoreLayout>False</IgnoreLayout><HyperLink></HyperLink><AnchorPattern Id="TableInPattern"/><Constraints><Constraint Type="0"><Value>0</Value></Constraint><Constraint Type="1"><Value>0.000000</Value></Constraint><Constraint Type="2"><Value>0.000000</Value></Constraint><Constraint Type="3"><Value>0.000000</Value></Constraint><Constraint Type="4"><Value>0.000000</Value></Constraint></Constraints><Obstacle>True</Obstacle><AllowIncomingLinks>True</AllowIncomingLinks><AllowOutgoingLinks>False</AllowOutgoingLinks><EnabledHandles>-1</EnabledHandles><HandlesStyle>2</HandlesStyle><Cells><Cell><Text></Text><ToolTip></ToolTip><TextFormat XValue="36"><Alignment>0</Alignment><LineAlignment>1</LineAlignment></TextFormat><TextColor>#FF000000</TextColor><Brush Id="2"/><ImageAlign>4</ImageAlign><ColumnSpan>1</ColumnSpan><RowSpan>1</RowSpan></Cell><Cell><Text>Are you prepared, then, to help bring the light across this land?</Text><ToolTip></ToolTip><TextFormat XValue="16"><Alignment>0</Alignment><LineAlignment>0</LineAlignment></TextFormat><TextColor></TextColor><Brush Id="3"/><ImageAlign>4</ImageAlign><ColumnSpan>1</ColumnSpan><RowSpan>1</RowSpan></Cell></Cells><Rows><Row><AnchorPattern Id="TableOutPattern"/><Height>60.000000</Height><Header>False</Header><Expanded>True</Expanded></Row></Rows><Columns><Column><Width>50.000000</Width><ColumnStyle>0</ColumnStyle></Column><Column><Width>50.000000</Width><ColumnStyle>0</ColumnStyle></Column></Columns><Caption>T02DinyaReadyFreddy</Caption><CaptionColor>#FF000000</CaptionColor><CaptionHeight>28.000000</CaptionHeight><CaptionFormat XValue="2000"><Alignment>1</Alignment><LineAlignment>0</LineAlignment></CaptionFormat><CaptionBackBrush Id="1"/><EnableStyledText>True</EnableStyledText><ConnectionStyle>0</ConnectionStyle><ImageAlign>2</ImageAlign><Style>0</Style><CustomDraw>0</CustomDraw><CellFrameStyle>2</CellFrameStyle><CellCustomDraw>0</CellCustomDraw><TextColor>#FF000000</TextColor><RowHeight>22.000000</RowHeight><ColumnWidth>50.000000</ColumnWidth><CurrentScrollRow>0</CurrentScrollRow><Scrollable>False</Scrollable><OffsetHeaderRows>False</OffsetHeaderRows></Node></Nodes><Links><Link Class="std:DiagramLink" Id="15" Version="1"><Bounds>-208.000000, 116.000000, 56.000000, 31.000000</Bounds><ZIndex>15</ZIndex><ToolTip></ToolTip><Locked>False</Locked><Visible>True</Visible><Printable>True</Printable><Selected>False</Selected><Brush Id="3"/><Pen><Color>#FF000000</Color><DashStyle>0</DashStyle><Width>1.000000</Width></Pen><ShadowOffsetX>3.000000</ShadowOffsetX><ShadowOffsetY>3.000000</ShadowOffsetY><Weight>1.000000</Weight><IgnoreLayout>False</IgnoreLayout><Origin Id="7" ClassId="std:TableNode" Version="1"/><OriginRelative>100.000000, 50.000000</OriginRelative><OriginAnchor>0</OriginAnchor><Destination Id="5" ClassId="std:TableNode" Version="1"/><DestinationRelative>0.000000, 50.000000</DestinationRelative><DestinationAnchor>0</DestinationAnchor><OriginRow>0</OriginRow><DestinationRow>-1</DestinationRow><Style>1</Style><SegmentCount>1</SegmentCount><Points><Point>-208.000000, 147.000000</Point><Point>-152.000000, 116.000000</Point></Points><Dynamic>False</Dynamic><RetainForm>False</RetainForm><AutoRoute>True</AutoRoute><SnapToNodeBorder>False</SnapToNodeBorder><CascadeOrientation>0</CascadeOrientation><CascadeStartHorizontal>True</CascadeStartHorizontal><Text></Text><TextStyle>0</TextStyle><TextColor>#FF000000</TextColor><Reflexive>False</Reflexive><HeadShape>2</HeadShape><BaseShape>0</BaseShape><IntermediateShape>0</IntermediateShape><HeadShapeSize>15.000000</HeadShapeSize><BaseShapeSize>15.000000</BaseShapeSize><IntermediateShapeSize>10.000000</IntermediateShapeSize><CustomDraw>0</CustomDraw><DrawCrossings>True</DrawCrossings><HandlesStyle>1</HandlesStyle><AllowMoveStart>True</AllowMoveStart><AllowMoveEnd>True</AllowMoveEnd><LabelSegment>2147483647</LabelSegment><LabelOffset>0.000000</LabelOffset></Link><Link Class="std:DiagramLink" Id="16" Version="1"><Bounds>104.000000, 100.000000, 336.000000, 39.000000</Bounds><ZIndex>16</ZIndex><ToolTip></ToolTip><Locked>False</Locked><Visible>True</Visible><Printable>True</Printable><Selected>False</Selected><Brush Id="3"/><Pen><Color>#FF00FF00</Color><DashStyle>0</DashStyle><Width>1.000000</Width></Pen><ShadowOffsetX>3.000000</ShadowOffsetX><ShadowOffsetY>3.000000</ShadowOffsetY><Weight>1.000000</Weight><IgnoreLayout>False</IgnoreLayout><Origin Id="5" ClassId="std:TableNode" Version="1"/><OriginRelative>100.000000, 50.000000</OriginRelative><OriginAnchor>0</OriginAnchor><Destination Id="14" ClassId="std:TableNode" Version="1"/><DestinationRelative>0.000000, 50.000000</DestinationRelative><DestinationAnchor>0</DestinationAnchor><OriginRow>0</OriginRow><DestinationRow>-1</DestinationRow><Style>1</Style><SegmentCount>2</SegmentCount><Points><Point>104.000000, 139.000000</Point><Point>408.000000, 216.000000</Point><Point>440.000000, 100.000000</Point></Points><Dynamic>False</Dynamic><RetainForm>False</RetainForm><AutoRoute>True</AutoRoute><SnapToNodeBorder>False</SnapToNodeBorder><CascadeOrientation>0</CascadeOrientation><CascadeStartHorizontal>True</CascadeStartHorizontal><Text></Text><TextStyle>0</TextStyle><TextColor>#FF000000</TextColor><Reflexive>False</Reflexive><HeadShape>2</HeadShape><BaseShape>0</BaseShape><IntermediateShape>0</IntermediateShape><HeadShapeSize>15.000000</HeadShapeSize><BaseShapeSize>15.000000</BaseShapeSize><IntermediateShapeSize>10.000000</IntermediateShapeSize><CustomDraw>0</CustomDraw><DrawCrossings>True</DrawCrossings><HandlesStyle>1</HandlesStyle><AllowMoveStart>True</AllowMoveStart><AllowMoveEnd>True</AllowMoveEnd><LabelSegment>2147483647</LabelSegment><LabelOffset>0.000000</LabelOffset></Link><Link Class="std:DiagramLink" Id="17" Version="1"><Bounds>-224.000000, 459.000000, 72.000000, 1.000000</Bounds><ZIndex>17</ZIndex><ToolTip></ToolTip><Locked>False</Locked><Visible>True</Visible><Printable>True</Printable><Selected>False</Selected><Brush Id="3"/><Pen><Color>#FF000000</Color><DashStyle>0</DashStyle><Width>1.000000</Width></Pen><ShadowOffsetX>3.000000</ShadowOffsetX><ShadowOffsetY>3.000000</ShadowOffsetY><Weight>1.000000</Weight><IgnoreLayout>False</IgnoreLayout><Origin Id="10" ClassId="std:TableNode" Version="1"/><OriginRelative>100.000000, 50.000000</OriginRelative><OriginAnchor>0</OriginAnchor><Destination Id="11" ClassId="std:TableNode" Version="1"/><DestinationRelative>0.000000, 50.000000</DestinationRelative><DestinationAnchor>0</DestinationAnchor><OriginRow>0</OriginRow><DestinationRow>-1</DestinationRow><Style>1</Style><SegmentCount>1</SegmentCount><Points><Point>-224.000000, 459.000000</Point><Point>-152.000000, 460.000000</Point></Points><Dynamic>False</Dynamic><RetainForm>False</RetainForm><AutoRoute>True</AutoRoute><SnapToNodeBorder>False</SnapToNodeBorder><CascadeOrientation>0</CascadeOrientation><CascadeStartHorizontal>True</CascadeStartHorizontal><Text></Text><TextStyle>0</TextStyle><TextColor>#FF000000</TextColor><Reflexive>False</Reflexive><HeadShape>2</HeadShape><BaseShape>0</BaseShape><IntermediateShape>0</IntermediateShape><HeadShapeSize>15.000000</HeadShapeSize><BaseShapeSize>15.000000</BaseShapeSize><IntermediateShapeSize>10.000000</IntermediateShapeSize><CustomDraw>0</CustomDraw><DrawCrossings>True</DrawCrossings><HandlesStyle>1</HandlesStyle><AllowMoveStart>True</AllowMoveStart><AllowMoveEnd>True</AllowMoveEnd><LabelSegment>2147483647</LabelSegment><LabelOffset>0.000000</LabelOffset></Link><Link Class="std:DiagramLink" Id="18" Version="1"><Bounds>384.000000, 100.000000, 56.000000, 23.000000</Bounds><ZIndex>18</ZIndex><ToolTip></ToolTip><Locked>False</Locked><Visible>True</Visible><Printable>True</Printable><Selected>False</Selected><Brush Id="3"/><Pen><Color>#FF00FF00</Color><DashStyle>0</DashStyle><Width>1.000000</Width></Pen><ShadowOffsetX>3.000000</ShadowOffsetX><ShadowOffsetY>3.000000</ShadowOffsetY><Weight>1.000000</Weight><IgnoreLayout>False</IgnoreLayout><Origin Id="13" ClassId="std:TableNode" Version="1"/><OriginRelative>100.000000, 50.000000</OriginRelative><OriginAnchor>0</OriginAnchor><Destination Id="14" ClassId="std:TableNode" Version="1"/><DestinationRelative>0.000000, 50.000000</DestinationRelative><DestinationAnchor>0</DestinationAnchor><OriginRow>0</OriginRow><DestinationRow>-1</DestinationRow><Style>1</Style><SegmentCount>1</SegmentCount><Points><Point>384.000000, 123.000000</Point><Point>440.000000, 100.000000</Point></Points><Dynamic>False</Dynamic><RetainForm>False</RetainForm><AutoRoute>True</AutoRoute><SnapToNodeBorder>False</SnapToNodeBorder><CascadeOrientation>0</CascadeOrientation><CascadeStartHorizontal>True</CascadeStartHorizontal><Text></Text><TextStyle>0</TextStyle><TextColor>#FF000000</TextColor><Reflexive>False</Reflexive><HeadShape>2</HeadShape><BaseShape>0</BaseShape><IntermediateShape>0</IntermediateShape><HeadShapeSize>15.000000</HeadShapeSize><BaseShapeSize>15.000000</BaseShapeSize><IntermediateShapeSize>10.000000</IntermediateShapeSize><CustomDraw>0</CustomDraw><DrawCrossings>True</DrawCrossings><HandlesStyle>1</HandlesStyle><AllowMoveStart>True</AllowMoveStart><AllowMoveEnd>True</AllowMoveEnd><LabelSegment>2147483647</LabelSegment><LabelOffset>0.000000</LabelOffset></Link><Link Class="std:DiagramLink" Id="19" Version="1"><Bounds>640.000000, 52.000000, 56.000000, 63.000000</Bounds><ZIndex>19</ZIndex><ToolTip></ToolTip><Locked>False</Locked><Visible>True</Visible><Printable>True</Printable><Selected>False</Selected><Brush Id="3"/><Pen><Color>#FF000000</Color><DashStyle>0</DashStyle><Width>1.000000</Width></Pen><ShadowOffsetX>3.000000</ShadowOffsetX><ShadowOffsetY>3.000000</ShadowOffsetY><Weight>1.000000</Weight><IgnoreLayout>False</IgnoreLayout><Origin Id="14" ClassId="std:TableNode" Version="1"/><OriginRelative>100.000000, 50.000000</OriginRelative><OriginAnchor>0</OriginAnchor><Destination Id="6" ClassId="std:TableNode" Version="1"/><DestinationRelative>0.000000, 50.000000</DestinationRelative><DestinationAnchor>0</DestinationAnchor><OriginRow>0</OriginRow><DestinationRow>-1</DestinationRow><Style>1</Style><SegmentCount>1</SegmentCount><Points><Point>640.000000, 115.000000</Point><Point>696.000000, 52.000000</Point></Points><Dynamic>False</Dynamic><RetainForm>False</RetainForm><AutoRoute>True</AutoRoute><SnapToNodeBorder>False</SnapToNodeBorder><CascadeOrientation>0</CascadeOrientation><CascadeStartHorizontal>True</CascadeStartHorizontal><Text></Text><TextStyle>0</TextStyle><TextColor>#FF000000</TextColor><Reflexive>False</Reflexive><HeadShape>2</HeadShape><BaseShape>0</BaseShape><IntermediateShape>0</IntermediateShape><HeadShapeSize>15.000000</HeadShapeSize><BaseShapeSize>15.000000</BaseShapeSize><IntermediateShapeSize>10.000000</IntermediateShapeSize><CustomDraw>0</CustomDraw><DrawCrossings>True</DrawCrossings><HandlesStyle>1</HandlesStyle><AllowMoveStart>True</AllowMoveStart><AllowMoveEnd>True</AllowMoveEnd><LabelSegment>2147483647</LabelSegment><LabelOffset>0.000000</LabelOffset></Link><Link Class="std:DiagramLink" Id="20" Version="1"><Bounds>640.000000, 115.000000, 56.000000, 161.000000</Bounds><ZIndex>20</ZIndex><ToolTip></ToolTip><Locked>False</Locked><Visible>True</Visible><Printable>True</Printable><Selected>True</Selected><Brush Id="3"/><Pen><Color>#FF000000</Color><DashStyle>0</DashStyle><Width>1.000000</Width></Pen><ShadowOffsetX>3.000000</ShadowOffsetX><ShadowOffsetY>3.000000</ShadowOffsetY><Weight>1.000000</Weight><IgnoreLayout>False</IgnoreLayout><Origin Id="14" ClassId="std:TableNode" Version="1"/><OriginRelative>100.000000, 50.000000</OriginRelative><OriginAnchor>0</OriginAnchor><Destination Id="12" ClassId="std:TableNode" Version="1"/><DestinationRelative>0.000000, 50.000000</DestinationRelative><DestinationAnchor>0</DestinationAnchor><OriginRow>0</OriginRow><DestinationRow>-1</DestinationRow><Style>1</Style><SegmentCount>1</SegmentCount><Points><Point>640.000000, 115.000000</Point><Point>696.000000, 276.000000</Point></Points><Dynamic>False</Dynamic><RetainForm>False</RetainForm><AutoRoute>True</AutoRoute><SnapToNodeBorder>False</SnapToNodeBorder><CascadeOrientation>0</CascadeOrientation><CascadeStartHorizontal>True</CascadeStartHorizontal><Text></Text><TextStyle>0</TextStyle><TextColor>#FF000000</TextColor><Reflexive>False</Reflexive><HeadShape>2</HeadShape><BaseShape>0</BaseShape><IntermediateShape>0</IntermediateShape><HeadShapeSize>15.000000</HeadShapeSize><BaseShapeSize>15.000000</BaseShapeSize><IntermediateShapeSize>10.000000</IntermediateShapeSize><CustomDraw>0</CustomDraw><DrawCrossings>True</DrawCrossings><HandlesStyle>1</HandlesStyle><AllowMoveStart>True</AllowMoveStart><AllowMoveEnd>True</AllowMoveEnd><LabelSegment>2147483647</LabelSegment><LabelOffset>0.000000</LabelOffset></Link></Links><Properties><LinkHeadShape>2</LinkHeadShape><LinkBaseShape>0</LinkBaseShape><LinkIntermediateShape>0</LinkIntermediateShape><LinkHeadShapeSize>15.000000</LinkHeadShapeSize><LinkBaseShapeSize>15.000000</LinkBaseShapeSize><LinkIntermediateShapeSize>10.000000</LinkIntermediateShapeSize><AlignToGrid>True</AlignToGrid><ShowGrid>False</ShowGrid><GridStyle>0</GridStyle><GridColor>#FF8C8C96</GridColor><GridSizeX>16.000000</GridSizeX><GridSizeY>16.000000</GridSizeY><GridOffsetX>0.000000</GridOffsetX><GridOffsetY>0.000000</GridOffsetY><ShadowColor>#FFAAAAAA</ShadowColor><ShadowsStyle>0</ShadowsStyle><ShadowOffsetX>3.000000</ShadowOffsetX><ShadowOffsetY>3.000000</ShadowOffsetY><ImageAlign>0</ImageAlign><TextColor>#FF000000</TextColor><ActiveItemHandlesColor>#FFFFFFFF</ActiveItemHandlesColor><SelectedItemHandlesColor>#FFAAAAAA</SelectedItemHandlesColor><DisabledHandlesColor>#FFC80000</DisabledHandlesColor><LinkStyle>2</LinkStyle><LinkSegments>2</LinkSegments><Bounds>-495.000000, -143.000000, 1502.000000, 1334.000000</Bounds><TableRowsCount>4</TableRowsCount><TableColumnsCount>2</TableColumnsCount><TableColumnWidth>50.000000</TableColumnWidth><TableRowHeight>22.000000</TableRowHeight><TableCaptionHeight>22.000000</TableCaptionHeight><TableCaption>Table</TableCaption><LinkCascadeOrientation>0</LinkCascadeOrientation><TableCellBorders>2</TableCellBorders><NodesExpandable>False</NodesExpandable><TablesScrollable>False</TablesScrollable><ToolTip></ToolTip><PolygonalTextLayout>False</PolygonalTextLayout><DefaultTextFormat XValue="37"><Alignment>1</Alignment><LineAlignment>1</LineAlignment></DefaultTextFormat><Font><Name>Arial</Name><Size>9.750000</Size><Unit>0</Unit><Bold>False</Bold><Italic>False</Italic><Underline>False</Underline><Strikeout>False</Strikeout><GdiCharSet>1</GdiCharSet></Font><DefaultShape Id="Rectangle"/><ShapePen><Color>#FF000000</Color><DashStyle>0</DashStyle><Width>1.000000</Width></ShapePen><LinkPen><Color>#FF000000</Color><DashStyle>0</DashStyle><Width>1.000000</Width></LinkPen><TablePen><Color>#FF000000</Color><DashStyle>0</DashStyle><Width>1.000000</Width></TablePen><ShapeBrush Id="5"/><LinkBrush Id="3"/><TableBrush Id="1"/><Brush Id="3"/><ExteriorBrush Id="3"/><ShapeHandlesStyle>1</ShapeHandlesStyle><TableHandlesStyle>2</TableHandlesStyle><AllowLinksRepeat>True</AllowLinksRepeat><AllowUnconnectedLinks>False</AllowUnconnectedLinks><AllowUnanchoredLinks>True</AllowUnanchoredLinks><PolygonalTextLayout>False</PolygonalTextLayout><ShapeOrientation>0.000000</ShapeOrientation><RouteLinks>True</RouteLinks><LinksRetainForm>False</LinksRetainForm><LinkTextStyle>0</LinkTextStyle><TableConnectionStyle>0</TableConnectionStyle><MeasureUnit>2</MeasureUnit><MinBounds>-495.000000, -143.000000, 1502.000000, 1334.000000</MinBounds><ExpandBtnPos>0</ExpandBtnPos><EnableStyledText>False</EnableStyledText><LinkText></LinkText><ShapeText></ShapeText><LinkCrossings>0</LinkCrossings><CrossRadius>8.000000</CrossRadius><LinksSnapToBorders>False</LinksSnapToBorders><LinkHandlesStyle>1</LinkHandlesStyle><RoundedLinks>False</RoundedLinks><RoundedLinksRadius>40.000000</RoundedLinksRadius><EnableLanes>False</EnableLanes></Properties><Resources><Brushes><Brush Index="5" Type="Solid"><Color>#FFCCCCF0</Color></Brush><Brush Index="3" Type="Solid"><Color>#FFFFFFFF</Color></Brush><Brush Index="1" Type="Solid"><Color>#FFDCDCDC</Color></Brush><Brush Index="0" Type="Solid"><Color>#FFF0CC60</Color></Brush><Brush Index="4" Type="Solid"><Color>#FFFFD780</Color></Brush><Brush Index="2" Type="Solid"><Color></Color></Brush></Brushes><Images Count="0"/></Resources><View><Behavior>2</Behavior><ScrollX>-495.000000</ScrollX><ScrollY>-143.000000</ScrollY><ZoomFactor>80.000000</ZoomFactor></View></Diagram>
