<Diagram Version="12"><Nodes><Node Class="std:ShapeNode" Id="0" Version="1"><Bounds>-17.000000, -193.000000, 786.000000, 134.000000</Bounds><ZIndex>0</ZIndex><ToolTip>0003B5A1 

Last User:ananes
Date:2/16/2010
File:Skyrim.esm</ToolTip><Locked>True</Locked><Visible>True</Visible><Printable>True</Printable><Selected>False</Selected><Brush Id="0"/><Pen><Color>#FF646464</Color><DashStyle>0</DashStyle><Width>1.000000</Width></Pen><ShadowOffsetX>0.000000</ShadowOffsetX><ShadowOffsetY>0.000000</ShadowOffsetY><Weight>1.000000</Weight><IgnoreLayout>False</IgnoreLayout><HyperLink></HyperLink><Constraints><Constraint Type="0"><Value>0</Value></Constraint><Constraint Type="1"><Value>0.000000</Value></Constraint><Constraint Type="2"><Value>0.000000</Value></Constraint><Constraint Type="3"><Value>0.000000</Value></Constraint><Constraint Type="4"><Value>0.000000</Value></Constraint></Constraints><Obstacle>False</Obstacle><AllowIncomingLinks>True</AllowIncomingLinks><AllowOutgoingLinks>False</AllowOutgoingLinks><EnabledHandles>0</EnabledHandles><HandlesStyle>1</HandlesStyle><Expanded>True</Expanded><Expandable>False</Expandable><XStyle>0</XStyle><Text>TG01BrynjolfBeforeRatwayBranch02</Text><TextColor>#FF000000</TextColor><PolygonalTextLayout>False</PolygonalTextLayout><TextFormat XValue="16"><Alignment>0</Alignment><LineAlignment>0</LineAlignment></TextFormat><PolygonalTextLayout>False</PolygonalTextLayout><EnableStyledText>False</EnableStyledText><ImageAlign>2</ImageAlign><RotationAngle>0.000000</RotationAngle><RotateImage>False</RotateImage><RotateText>False</RotateText><Transparent>False</Transparent><CustomDraw>0</CustomDraw><DecorationColor></DecorationColor></Node><Node Class="std:ShapeNode" Id="1" Version="1"><Bounds>-17.000000, -385.000000, 786.000000, 166.000000</Bounds><ZIndex>1</ZIndex><ToolTip>0003B5A0 

Last User:ananes
Date:2/16/2010
File:Skyrim.esm</ToolTip><Locked>True</Locked><Visible>True</Visible><Printable>True</Printable><Selected>False</Selected><Brush Id="0"/><Pen><Color>#FF646464</Color><DashStyle>0</DashStyle><Width>1.000000</Width></Pen><ShadowOffsetX>0.000000</ShadowOffsetX><ShadowOffsetY>0.000000</ShadowOffsetY><Weight>1.000000</Weight><IgnoreLayout>False</IgnoreLayout><HyperLink></HyperLink><Constraints><Constraint Type="0"><Value>0</Value></Constraint><Constraint Type="1"><Value>0.000000</Value></Constraint><Constraint Type="2"><Value>0.000000</Value></Constraint><Constraint Type="3"><Value>0.000000</Value></Constraint><Constraint Type="4"><Value>0.000000</Value></Constraint></Constraints><Obstacle>False</Obstacle><AllowIncomingLinks>True</AllowIncomingLinks><AllowOutgoingLinks>False</AllowOutgoingLinks><EnabledHandles>0</EnabledHandles><HandlesStyle>1</HandlesStyle><Expanded>True</Expanded><Expandable>False</Expandable><XStyle>0</XStyle><Text>TG01BrynjolfBeforeRatwayBranch</Text><TextColor>#FF000000</TextColor><PolygonalTextLayout>False</PolygonalTextLayout><TextFormat XValue="16"><Alignment>0</Alignment><LineAlignment>0</LineAlignment></TextFormat><PolygonalTextLayout>False</PolygonalTextLayout><EnableStyledText>False</EnableStyledText><ImageAlign>2</ImageAlign><RotationAngle>0.000000</RotationAngle><RotateImage>False</RotateImage><RotateText>False</RotateText><Transparent>False</Transparent><CustomDraw>0</CustomDraw><DecorationColor></DecorationColor></Node><Node Class="std:ShapeNode" Id="2" Version="1"><Bounds>-17.000000, 15.000000, 786.000000, 178.000000</Bounds><ZIndex>2</ZIndex><ToolTip>000206AA 

Last User:ananes
Date:8/12/2009
File:Skyrim.esm</ToolTip><Locked>True</Locked><Visible>True</Visible><Printable>True</Printable><Selected>False</Selected><Brush Id="0"/><Pen><Color>#FF646464</Color><DashStyle>0</DashStyle><Width>1.000000</Width></Pen><ShadowOffsetX>0.000000</ShadowOffsetX><ShadowOffsetY>0.000000</ShadowOffsetY><Weight>1.000000</Weight><IgnoreLayout>False</IgnoreLayout><HyperLink></HyperLink><Constraints><Constraint Type="0"><Value>0</Value></Constraint><Constraint Type="1"><Value>0.000000</Value></Constraint><Constraint Type="2"><Value>0.000000</Value></Constraint><Constraint Type="3"><Value>0.000000</Value></Constraint><Constraint Type="4"><Value>0.000000</Value></Constraint></Constraints><Obstacle>False</Obstacle><AllowIncomingLinks>True</AllowIncomingLinks><AllowOutgoingLinks>False</AllowOutgoingLinks><EnabledHandles>0</EnabledHandles><HandlesStyle>1</HandlesStyle><Expanded>True</Expanded><Expandable>False</Expandable><XStyle>0</XStyle><Text>TG01BrynjolfDuringQuestBranchHaelga</Text><TextColor>#FF000000</TextColor><PolygonalTextLayout>False</PolygonalTextLayout><TextFormat XValue="16"><Alignment>0</Alignment><LineAlignment>0</LineAlignment></TextFormat><PolygonalTextLayout>False</PolygonalTextLayout><EnableStyledText>False</EnableStyledText><ImageAlign>2</ImageAlign><RotationAngle>0.000000</RotationAngle><RotateImage>False</RotateImage><RotateText>False</RotateText><Transparent>False</Transparent><CustomDraw>0</CustomDraw><DecorationColor></DecorationColor></Node><Node Class="std:ShapeNode" Id="3" Version="1"><Bounds>-17.000000, 207.000000, 786.000000, 178.000000</Bounds><ZIndex>3</ZIndex><ToolTip>000206A9 

Last User:ananes
Date:8/12/2009
File:Skyrim.esm</ToolTip><Locked>True</Locked><Visible>True</Visible><Printable>True</Printable><Selected>False</Selected><Brush Id="0"/><Pen><Color>#FF646464</Color><DashStyle>0</DashStyle><Width>1.000000</Width></Pen><ShadowOffsetX>0.000000</ShadowOffsetX><ShadowOffsetY>0.000000</ShadowOffsetY><Weight>1.000000</Weight><IgnoreLayout>False</IgnoreLayout><HyperLink></HyperLink><Constraints><Constraint Type="0"><Value>0</Value></Constraint><Constraint Type="1"><Value>0.000000</Value></Constraint><Constraint Type="2"><Value>0.000000</Value></Constraint><Constraint Type="3"><Value>0.000000</Value></Constraint><Constraint Type="4"><Value>0.000000</Value></Constraint></Constraints><Obstacle>False</Obstacle><AllowIncomingLinks>True</AllowIncomingLinks><AllowOutgoingLinks>False</AllowOutgoingLinks><EnabledHandles>0</EnabledHandles><HandlesStyle>1</HandlesStyle><Expanded>True</Expanded><Expandable>False</Expandable><XStyle>0</XStyle><Text>TG01BrynjolfDuringQuestBranchBersi</Text><TextColor>#FF000000</TextColor><PolygonalTextLayout>False</PolygonalTextLayout><TextFormat XValue="16"><Alignment>0</Alignment><LineAlignment>0</LineAlignment></TextFormat><PolygonalTextLayout>False</PolygonalTextLayout><EnableStyledText>False</EnableStyledText><ImageAlign>2</ImageAlign><RotationAngle>0.000000</RotationAngle><RotateImage>False</RotateImage><RotateText>False</RotateText><Transparent>False</Transparent><CustomDraw>0</CustomDraw><DecorationColor></DecorationColor></Node><Node Class="std:ShapeNode" Id="4" Version="1"><Bounds>-17.000000, 415.000000, 786.000000, 194.000000</Bounds><ZIndex>4</ZIndex><ToolTip>00020546 

Last User:ananes
Date:8/12/2009
File:Skyrim.esm</ToolTip><Locked>True</Locked><Visible>True</Visible><Printable>True</Printable><Selected>False</Selected><Brush Id="0"/><Pen><Color>#FF646464</Color><DashStyle>0</DashStyle><Width>1.000000</Width></Pen><ShadowOffsetX>0.000000</ShadowOffsetX><ShadowOffsetY>0.000000</ShadowOffsetY><Weight>1.000000</Weight><IgnoreLayout>False</IgnoreLayout><HyperLink></HyperLink><Constraints><Constraint Type="0"><Value>0</Value></Constraint><Constraint Type="1"><Value>0.000000</Value></Constraint><Constraint Type="2"><Value>0.000000</Value></Constraint><Constraint Type="3"><Value>0.000000</Value></Constraint><Constraint Type="4"><Value>0.000000</Value></Constraint></Constraints><Obstacle>False</Obstacle><AllowIncomingLinks>True</AllowIncomingLinks><AllowOutgoingLinks>False</AllowOutgoingLinks><EnabledHandles>0</EnabledHandles><HandlesStyle>1</HandlesStyle><Expanded>True</Expanded><Expandable>False</Expandable><XStyle>0</XStyle><Text>TG01BrynjolfDuringQuestBranchKeerava</Text><TextColor>#FF000000</TextColor><PolygonalTextLayout>False</PolygonalTextLayout><TextFormat XValue="16"><Alignment>0</Alignment><LineAlignment>0</LineAlignment></TextFormat><PolygonalTextLayout>False</PolygonalTextLayout><EnableStyledText>False</EnableStyledText><ImageAlign>2</ImageAlign><RotationAngle>0.000000</RotationAngle><RotateImage>False</RotateImage><RotateText>False</RotateText><Transparent>False</Transparent><CustomDraw>0</CustomDraw><DecorationColor></DecorationColor></Node><Node Class="std:TableNode" Id="5" Version="1"><Bounds>8.000000, 440.000000, 736.000000, 144.000000</Bounds><ZIndex>5</ZIndex><ToolTip>00020525 - Custom

Last User:ananes
Date:3/25/2010
File:Skyrim.esm</ToolTip><Locked>False</Locked><Visible>True</Visible><Printable>True</Printable><Selected>False</Selected><Brush Id="1"/><Pen><Color>#FF000000</Color><DashStyle>0</DashStyle><Width>1.000000</Width></Pen><ShadowOffsetX>3.000000</ShadowOffsetX><ShadowOffsetY>3.000000</ShadowOffsetY><Weight>1.000000</Weight><IgnoreLayout>False</IgnoreLayout><HyperLink></HyperLink><AnchorPattern Id="TableInPattern"/><Constraints><Constraint Type="0"><Value>0</Value></Constraint><Constraint Type="1"><Value>0.000000</Value></Constraint><Constraint Type="2"><Value>0.000000</Value></Constraint><Constraint Type="3"><Value>0.000000</Value></Constraint><Constraint Type="4"><Value>0.000000</Value></Constraint></Constraints><Obstacle>True</Obstacle><AllowIncomingLinks>True</AllowIncomingLinks><AllowOutgoingLinks>False</AllowOutgoingLinks><EnabledHandles>-1</EnabledHandles><HandlesStyle>2</HandlesStyle><Cells><Cell><Text></Text><ToolTip></ToolTip><TextFormat XValue="36"><Alignment>0</Alignment><LineAlignment>1</LineAlignment></TextFormat><TextColor>#FF000000</TextColor><Brush Id="2"/><ImageAlign>4</ImageAlign><ColumnSpan>1</ColumnSpan><RowSpan>2</RowSpan></Cell><Cell><Text>&lt;b&gt;Here's Keerava's payment courtesy of her lover.&lt;/b&gt;</Text><ToolTip></ToolTip><TextFormat XValue="16"><Alignment>0</Alignment><LineAlignment>0</LineAlignment></TextFormat><TextColor></TextColor><Brush Id="1"/><ImageAlign>4</ImageAlign><ColumnSpan>1</ColumnSpan><RowSpan>1</RowSpan></Cell><Cell><Text></Text><ToolTip></ToolTip><TextFormat XValue="36"><Alignment>0</Alignment><LineAlignment>1</LineAlignment></TextFormat><TextColor>#FF000000</TextColor><Brush Id="2"/><ImageAlign>4</ImageAlign><ColumnSpan>1</ColumnSpan><RowSpan>1</RowSpan></Cell><Cell><Text>Argonians in love... yeesh. Still sends shivers down my spine. Good job using it to get the money from her though.</Text><ToolTip></ToolTip><TextFormat XValue="16"><Alignment>0</Alignment><LineAlignment>0</LineAlignment></TextFormat><TextColor></TextColor><Brush Id="3"/><ImageAlign>4</ImageAlign><ColumnSpan>1</ColumnSpan><RowSpan>1</RowSpan></Cell><Cell><Text></Text><ToolTip></ToolTip><TextFormat XValue="36"><Alignment>0</Alignment><LineAlignment>1</LineAlignment></TextFormat><TextColor>#FF000000</TextColor><Brush Id="2"/><ImageAlign>4</ImageAlign><ColumnSpan>1</ColumnSpan><RowSpan>1</RowSpan></Cell><Cell><Text>[S] Keerava is stubborn, but she's got a soft spot for her lover, Pours-Four-Libations. | If you can talk him into having her pay, I bet she'll fold.</Text><ToolTip></ToolTip><TextFormat XValue="16"><Alignment>0</Alignment><LineAlignment>0</LineAlignment></TextFormat><TextColor></TextColor><Brush Id="3"/><ImageAlign>4</ImageAlign><ColumnSpan>1</ColumnSpan><RowSpan>1</RowSpan></Cell></Cells><Rows><Row><Height>28.000000</Height><Header>False</Header><Expanded>True</Expanded></Row><Row><AnchorPattern Id="TableOutPattern"/><Height>44.000000</Height><Header>False</Header><Expanded>True</Expanded></Row><Row><AnchorPattern Id="TableOutPattern"/><Height>44.000000</Height><Header>False</Header><Expanded>True</Expanded></Row></Rows><Columns><Column><Width>9.000000</Width><ColumnStyle>0</ColumnStyle></Column><Column><Width>668.000000</Width><ColumnStyle>0</ColumnStyle></Column></Columns><Caption>TG01BrynjolfAboutKeerava: &lt;b&gt;Any tips about Keerava?&lt;/b&gt;</Caption><CaptionColor>#FF000000</CaptionColor><CaptionHeight>28.000000</CaptionHeight><CaptionFormat XValue="2000"><Alignment>1</Alignment><LineAlignment>0</LineAlignment></CaptionFormat><CaptionBackBrush Id="4"/><EnableStyledText>True</EnableStyledText><ConnectionStyle>0</ConnectionStyle><ImageAlign>2</ImageAlign><Style>0</Style><CustomDraw>0</CustomDraw><CellFrameStyle>2</CellFrameStyle><CellCustomDraw>0</CellCustomDraw><TextColor>#FF000000</TextColor><RowHeight>22.000000</RowHeight><ColumnWidth>50.000000</ColumnWidth><CurrentScrollRow>0</CurrentScrollRow><Scrollable>False</Scrollable><OffsetHeaderRows>False</OffsetHeaderRows></Node><Node Class="std:TableNode" Id="6" Version="1"><Bounds>8.000000, 232.000000, 736.000000, 128.000000</Bounds><ZIndex>6</ZIndex><ToolTip>000206A6 - Custom

Last User:ananes
Date:3/25/2010
File:Skyrim.esm</ToolTip><Locked>False</Locked><Visible>True</Visible><Printable>True</Printable><Selected>False</Selected><Brush Id="1"/><Pen><Color>#FF000000</Color><DashStyle>0</DashStyle><Width>1.000000</Width></Pen><ShadowOffsetX>3.000000</ShadowOffsetX><ShadowOffsetY>3.000000</ShadowOffsetY><Weight>1.000000</Weight><IgnoreLayout>False</IgnoreLayout><HyperLink></HyperLink><AnchorPattern Id="TableInPattern"/><Constraints><Constraint Type="0"><Value>0</Value></Constraint><Constraint Type="1"><Value>0.000000</Value></Constraint><Constraint Type="2"><Value>0.000000</Value></Constraint><Constraint Type="3"><Value>0.000000</Value></Constraint><Constraint Type="4"><Value>0.000000</Value></Constraint></Constraints><Obstacle>True</Obstacle><AllowIncomingLinks>True</AllowIncomingLinks><AllowOutgoingLinks>False</AllowOutgoingLinks><EnabledHandles>-1</EnabledHandles><HandlesStyle>2</HandlesStyle><Cells><Cell><Text></Text><ToolTip></ToolTip><TextFormat XValue="36"><Alignment>0</Alignment><LineAlignment>1</LineAlignment></TextFormat><TextColor>#FF000000</TextColor><Brush Id="2"/><ImageAlign>4</ImageAlign><ColumnSpan>1</ColumnSpan><RowSpan>2</RowSpan></Cell><Cell><Text>&lt;b&gt;I have Bersi's Payment.&lt;/b&gt;</Text><ToolTip></ToolTip><TextFormat XValue="16"><Alignment>0</Alignment><LineAlignment>0</LineAlignment></TextFormat><TextColor></TextColor><Brush Id="1"/><ImageAlign>4</ImageAlign><ColumnSpan>1</ColumnSpan><RowSpan>1</RowSpan></Cell><Cell><Text></Text><ToolTip></ToolTip><TextFormat XValue="36"><Alignment>0</Alignment><LineAlignment>1</LineAlignment></TextFormat><TextColor>#FF000000</TextColor><Brush Id="2"/><ImageAlign>4</ImageAlign><ColumnSpan>1</ColumnSpan><RowSpan>1</RowSpan></Cell><Cell><Text>I wasn't sure that he'd see the light, but I'm sure you "explained" it to him. Well done!</Text><ToolTip></ToolTip><TextFormat XValue="16"><Alignment>0</Alignment><LineAlignment>0</LineAlignment></TextFormat><TextColor></TextColor><Brush Id="3"/><ImageAlign>4</ImageAlign><ColumnSpan>1</ColumnSpan><RowSpan>1</RowSpan></Cell><Cell><Text></Text><ToolTip></ToolTip><TextFormat XValue="36"><Alignment>0</Alignment><LineAlignment>1</LineAlignment></TextFormat><TextColor>#FF000000</TextColor><Brush Id="2"/><ImageAlign>4</ImageAlign><ColumnSpan>1</ColumnSpan><RowSpan>1</RowSpan></Cell><Cell><Text>[S] He's as pig-headed a man as you'll ever find. | The key is that ugly Dwarven Urn in his shop. Smash that thing a few times and he'll come around.</Text><ToolTip></ToolTip><TextFormat XValue="16"><Alignment>0</Alignment><LineAlignment>0</LineAlignment></TextFormat><TextColor></TextColor><Brush Id="3"/><ImageAlign>4</ImageAlign><ColumnSpan>1</ColumnSpan><RowSpan>1</RowSpan></Cell></Cells><Rows><Row><Height>28.000000</Height><Header>False</Header><Expanded>True</Expanded></Row><Row><AnchorPattern Id="TableOutPattern"/><Height>28.000000</Height><Header>False</Header><Expanded>True</Expanded></Row><Row><AnchorPattern Id="TableOutPattern"/><Height>44.000000</Height><Header>False</Header><Expanded>True</Expanded></Row></Rows><Columns><Column><Width>9.000000</Width><ColumnStyle>0</ColumnStyle></Column><Column><Width>736.000000</Width><ColumnStyle>0</ColumnStyle></Column></Columns><Caption>TG01BrynjolfDuringQuestBranchBersiTopic: &lt;b&gt;Any help with Bersi?&lt;/b&gt;</Caption><CaptionColor>#FF000000</CaptionColor><CaptionHeight>28.000000</CaptionHeight><CaptionFormat XValue="2000"><Alignment>1</Alignment><LineAlignment>0</LineAlignment></CaptionFormat><CaptionBackBrush Id="4"/><EnableStyledText>True</EnableStyledText><ConnectionStyle>0</ConnectionStyle><ImageAlign>2</ImageAlign><Style>0</Style><CustomDraw>0</CustomDraw><CellFrameStyle>2</CellFrameStyle><CellCustomDraw>0</CellCustomDraw><TextColor>#FF000000</TextColor><RowHeight>22.000000</RowHeight><ColumnWidth>50.000000</ColumnWidth><CurrentScrollRow>0</CurrentScrollRow><Scrollable>False</Scrollable><OffsetHeaderRows>False</OffsetHeaderRows></Node><Node Class="std:TableNode" Id="7" Version="1"><Bounds>8.000000, 40.000000, 736.000000, 128.000000</Bounds><ZIndex>7</ZIndex><ToolTip>000206A5 - Custom

Last User:ananes
Date:3/25/2010
File:Skyrim.esm</ToolTip><Locked>False</Locked><Visible>True</Visible><Printable>True</Printable><Selected>False</Selected><Brush Id="1"/><Pen><Color>#FF000000</Color><DashStyle>0</DashStyle><Width>1.000000</Width></Pen><ShadowOffsetX>3.000000</ShadowOffsetX><ShadowOffsetY>3.000000</ShadowOffsetY><Weight>1.000000</Weight><IgnoreLayout>False</IgnoreLayout><HyperLink></HyperLink><AnchorPattern Id="TableInPattern"/><Constraints><Constraint Type="0"><Value>0</Value></Constraint><Constraint Type="1"><Value>0.000000</Value></Constraint><Constraint Type="2"><Value>0.000000</Value></Constraint><Constraint Type="3"><Value>0.000000</Value></Constraint><Constraint Type="4"><Value>0.000000</Value></Constraint></Constraints><Obstacle>True</Obstacle><AllowIncomingLinks>True</AllowIncomingLinks><AllowOutgoingLinks>False</AllowOutgoingLinks><EnabledHandles>-1</EnabledHandles><HandlesStyle>2</HandlesStyle><Cells><Cell><Text></Text><ToolTip></ToolTip><TextFormat XValue="36"><Alignment>0</Alignment><LineAlignment>1</LineAlignment></TextFormat><TextColor>#FF000000</TextColor><Brush Id="2"/><ImageAlign>4</ImageAlign><ColumnSpan>1</ColumnSpan><RowSpan>2</RowSpan></Cell><Cell><Text>&lt;b&gt;Got Haelga's payment here.&lt;/b&gt;</Text><ToolTip></ToolTip><TextFormat XValue="16"><Alignment>0</Alignment><LineAlignment>0</LineAlignment></TextFormat><TextColor></TextColor><Brush Id="1"/><ImageAlign>4</ImageAlign><ColumnSpan>1</ColumnSpan><RowSpan>1</RowSpan></Cell><Cell><Text></Text><ToolTip></ToolTip><TextFormat XValue="36"><Alignment>0</Alignment><LineAlignment>1</LineAlignment></TextFormat><TextColor>#FF000000</TextColor><Brush Id="2"/><ImageAlign>4</ImageAlign><ColumnSpan>1</ColumnSpan><RowSpan>1</RowSpan></Cell><Cell><Text>Yeah, I bet it was a snap once you had her statue in hand. Nice work.</Text><ToolTip></ToolTip><TextFormat XValue="16"><Alignment>0</Alignment><LineAlignment>0</LineAlignment></TextFormat><TextColor></TextColor><Brush Id="3"/><ImageAlign>4</ImageAlign><ColumnSpan>1</ColumnSpan><RowSpan>1</RowSpan></Cell><Cell><Text></Text><ToolTip></ToolTip><TextFormat XValue="36"><Alignment>0</Alignment><LineAlignment>1</LineAlignment></TextFormat><TextColor>#FF000000</TextColor><Brush Id="2"/><ImageAlign>4</ImageAlign><ColumnSpan>1</ColumnSpan><RowSpan>1</RowSpan></Cell><Cell><Text>[S] The statue of Dibella in her place; she loves it more than anything else in the world. It would be a shame if something happened to it.</Text><ToolTip></ToolTip><TextFormat XValue="16"><Alignment>0</Alignment><LineAlignment>0</LineAlignment></TextFormat><TextColor></TextColor><Brush Id="3"/><ImageAlign>4</ImageAlign><ColumnSpan>1</ColumnSpan><RowSpan>1</RowSpan></Cell></Cells><Rows><Row><Height>28.000000</Height><Header>False</Header><Expanded>True</Expanded></Row><Row><AnchorPattern Id="TableOutPattern"/><Height>28.000000</Height><Header>False</Header><Expanded>True</Expanded></Row><Row><AnchorPattern Id="TableOutPattern"/><Height>44.000000</Height><Header>False</Header><Expanded>True</Expanded></Row></Rows><Columns><Column><Width>9.000000</Width><ColumnStyle>0</ColumnStyle></Column><Column><Width>772.000000</Width><ColumnStyle>0</ColumnStyle></Column></Columns><Caption>TG01BrynjolfDuringQuestBranchHaelgaTopic: &lt;b&gt;What's Haelga's story?&lt;/b&gt;</Caption><CaptionColor>#FF000000</CaptionColor><CaptionHeight>28.000000</CaptionHeight><CaptionFormat XValue="2000"><Alignment>1</Alignment><LineAlignment>0</LineAlignment></CaptionFormat><CaptionBackBrush Id="4"/><EnableStyledText>True</EnableStyledText><ConnectionStyle>0</ConnectionStyle><ImageAlign>2</ImageAlign><Style>0</Style><CustomDraw>0</CustomDraw><CellFrameStyle>2</CellFrameStyle><CellCustomDraw>0</CellCustomDraw><TextColor>#FF000000</TextColor><RowHeight>22.000000</RowHeight><ColumnWidth>50.000000</ColumnWidth><CurrentScrollRow>0</CurrentScrollRow><Scrollable>False</Scrollable><OffsetHeaderRows>False</OffsetHeaderRows></Node><Node Class="std:TableNode" Id="8" Version="1"><Bounds>8.000000, -360.000000, 736.000000, 116.000000</Bounds><ZIndex>8</ZIndex><ToolTip>0003B59A - Custom

Last User:ananes
Date:2/16/2010
File:Skyrim.esm</ToolTip><Locked>False</Locked><Visible>True</Visible><Printable>True</Printable><Selected>False</Selected><Brush Id="1"/><Pen><Color>#FF000000</Color><DashStyle>0</DashStyle><Width>1.000000</Width></Pen><ShadowOffsetX>3.000000</ShadowOffsetX><ShadowOffsetY>3.000000</ShadowOffsetY><Weight>1.000000</Weight><IgnoreLayout>False</IgnoreLayout><HyperLink></HyperLink><AnchorPattern Id="TableInPattern"/><Constraints><Constraint Type="0"><Value>0</Value></Constraint><Constraint Type="1"><Value>0.000000</Value></Constraint><Constraint Type="2"><Value>0.000000</Value></Constraint><Constraint Type="3"><Value>0.000000</Value></Constraint><Constraint Type="4"><Value>0.000000</Value></Constraint></Constraints><Obstacle>True</Obstacle><AllowIncomingLinks>True</AllowIncomingLinks><AllowOutgoingLinks>False</AllowOutgoingLinks><EnabledHandles>-1</EnabledHandles><HandlesStyle>2</HandlesStyle><Cells><Cell><Text></Text><ToolTip></ToolTip><TextFormat XValue="36"><Alignment>0</Alignment><LineAlignment>1</LineAlignment></TextFormat><TextColor>#FF007800</TextColor><Brush Id="2"/><ImageAlign>4</ImageAlign><ColumnSpan>1</ColumnSpan><RowSpan>1</RowSpan></Cell><Cell><Text>If I have to hold your hand through everything, maybe you aren't cut out for this kind of work. | It's under your feet, lad. Just follow the smell.</Text><ToolTip></ToolTip><TextFormat XValue="16"><Alignment>0</Alignment><LineAlignment>0</LineAlignment></TextFormat><TextColor></TextColor><Brush Id="3"/><ImageAlign>4</ImageAlign><ColumnSpan>1</ColumnSpan><RowSpan>1</RowSpan></Cell><Cell><Text></Text><ToolTip></ToolTip><TextFormat XValue="36"><Alignment>0</Alignment><LineAlignment>1</LineAlignment></TextFormat><TextColor>#FF007800</TextColor><Brush Id="2"/><ImageAlign>4</ImageAlign><ColumnSpan>1</ColumnSpan><RowSpan>1</RowSpan></Cell><Cell><Text>If I have to hold your hand through everything, maybe you aren't cut out for this kind of work. | It's under your feet, lass. Just follow the smell.</Text><ToolTip></ToolTip><TextFormat XValue="16"><Alignment>0</Alignment><LineAlignment>0</LineAlignment></TextFormat><TextColor></TextColor><Brush Id="3"/><ImageAlign>4</ImageAlign><ColumnSpan>1</ColumnSpan><RowSpan>1</RowSpan></Cell></Cells><Rows><Row><AnchorPattern Id="TableOutPattern"/><Height>44.000000</Height><Header>False</Header><Expanded>True</Expanded></Row><Row><AnchorPattern Id="TableOutPattern"/><Height>44.000000</Height><Header>False</Header><Expanded>True</Expanded></Row></Rows><Columns><Column><Width>50.000000</Width><ColumnStyle>0</ColumnStyle></Column><Column><Width>50.000000</Width><ColumnStyle>0</ColumnStyle></Column></Columns><Caption>TG01BrynjolfBeforeRatwayBranchTopic: &lt;b&gt;How do I find the Ratway?&lt;/b&gt;</Caption><CaptionColor>#FF000000</CaptionColor><CaptionHeight>28.000000</CaptionHeight><CaptionFormat XValue="2000"><Alignment>1</Alignment><LineAlignment>0</LineAlignment></CaptionFormat><CaptionBackBrush Id="4"/><EnableStyledText>True</EnableStyledText><ConnectionStyle>0</ConnectionStyle><ImageAlign>2</ImageAlign><Style>0</Style><CustomDraw>0</CustomDraw><CellFrameStyle>2</CellFrameStyle><CellCustomDraw>0</CellCustomDraw><TextColor>#FF000000</TextColor><RowHeight>22.000000</RowHeight><ColumnWidth>50.000000</ColumnWidth><CurrentScrollRow>0</CurrentScrollRow><Scrollable>False</Scrollable><OffsetHeaderRows>False</OffsetHeaderRows></Node><Node Class="std:TableNode" Id="9" Version="1"><Bounds>8.000000, -168.000000, 736.000000, 84.000000</Bounds><ZIndex>9</ZIndex><ToolTip>0003B599 - Custom

Last User:ananes
Date:2/16/2010
File:Skyrim.esm</ToolTip><Locked>False</Locked><Visible>True</Visible><Printable>True</Printable><Selected>False</Selected><Brush Id="1"/><Pen><Color>#FF000000</Color><DashStyle>0</DashStyle><Width>1.000000</Width></Pen><ShadowOffsetX>3.000000</ShadowOffsetX><ShadowOffsetY>3.000000</ShadowOffsetY><Weight>1.000000</Weight><IgnoreLayout>False</IgnoreLayout><HyperLink></HyperLink><AnchorPattern Id="TableInPattern"/><Constraints><Constraint Type="0"><Value>0</Value></Constraint><Constraint Type="1"><Value>0.000000</Value></Constraint><Constraint Type="2"><Value>0.000000</Value></Constraint><Constraint Type="3"><Value>0.000000</Value></Constraint><Constraint Type="4"><Value>0.000000</Value></Constraint></Constraints><Obstacle>True</Obstacle><AllowIncomingLinks>True</AllowIncomingLinks><AllowOutgoingLinks>False</AllowOutgoingLinks><EnabledHandles>-1</EnabledHandles><HandlesStyle>2</HandlesStyle><Cells><Cell><Text></Text><ToolTip></ToolTip><TextFormat XValue="36"><Alignment>0</Alignment><LineAlignment>1</LineAlignment></TextFormat><TextColor>#FF007800</TextColor><Brush Id="2"/><ImageAlign>4</ImageAlign><ColumnSpan>1</ColumnSpan><RowSpan>1</RowSpan></Cell><Cell><Text>The walls have ears, lad. We'll talk in the Ragged Flagon.</Text><ToolTip></ToolTip><TextFormat XValue="16"><Alignment>0</Alignment><LineAlignment>0</LineAlignment></TextFormat><TextColor></TextColor><Brush Id="3"/><ImageAlign>4</ImageAlign><ColumnSpan>1</ColumnSpan><RowSpan>1</RowSpan></Cell><Cell><Text></Text><ToolTip></ToolTip><TextFormat XValue="36"><Alignment>0</Alignment><LineAlignment>1</LineAlignment></TextFormat><TextColor>#FF007800</TextColor><Brush Id="2"/><ImageAlign>4</ImageAlign><ColumnSpan>1</ColumnSpan><RowSpan>1</RowSpan></Cell><Cell><Text>The walls have ears, lass. We'll talk in the Ragged Flagon.</Text><ToolTip></ToolTip><TextFormat XValue="16"><Alignment>0</Alignment><LineAlignment>0</LineAlignment></TextFormat><TextColor></TextColor><Brush Id="3"/><ImageAlign>4</ImageAlign><ColumnSpan>1</ColumnSpan><RowSpan>1</RowSpan></Cell></Cells><Rows><Row><AnchorPattern Id="TableOutPattern"/><Height>28.000000</Height><Header>False</Header><Expanded>True</Expanded></Row><Row><AnchorPattern Id="TableOutPattern"/><Height>28.000000</Height><Header>False</Header><Expanded>True</Expanded></Row></Rows><Columns><Column><Width>50.000000</Width><ColumnStyle>0</ColumnStyle></Column><Column><Width>50.000000</Width><ColumnStyle>0</ColumnStyle></Column></Columns><Caption>TG01BrynjolfBeforeRatwayBranch02Topic: &lt;b&gt;Can't we just discuss this here?&lt;/b&gt;</Caption><CaptionColor>#FF000000</CaptionColor><CaptionHeight>28.000000</CaptionHeight><CaptionFormat XValue="2000"><Alignment>1</Alignment><LineAlignment>0</LineAlignment></CaptionFormat><CaptionBackBrush Id="4"/><EnableStyledText>True</EnableStyledText><ConnectionStyle>0</ConnectionStyle><ImageAlign>2</ImageAlign><Style>0</Style><CustomDraw>0</CustomDraw><CellFrameStyle>2</CellFrameStyle><CellCustomDraw>0</CellCustomDraw><TextColor>#FF000000</TextColor><RowHeight>22.000000</RowHeight><ColumnWidth>50.000000</ColumnWidth><CurrentScrollRow>0</CurrentScrollRow><Scrollable>False</Scrollable><OffsetHeaderRows>False</OffsetHeaderRows></Node></Nodes><Links/><Properties><LinkHeadShape>2</LinkHeadShape><LinkBaseShape>0</LinkBaseShape><LinkIntermediateShape>0</LinkIntermediateShape><LinkHeadShapeSize>15.000000</LinkHeadShapeSize><LinkBaseShapeSize>15.000000</LinkBaseShapeSize><LinkIntermediateShapeSize>10.000000</LinkIntermediateShapeSize><AlignToGrid>True</AlignToGrid><ShowGrid>False</ShowGrid><GridStyle>0</GridStyle><GridColor>#FF8C8C96</GridColor><GridSizeX>16.000000</GridSizeX><GridSizeY>16.000000</GridSizeY><GridOffsetX>0.000000</GridOffsetX><GridOffsetY>0.000000</GridOffsetY><ShadowColor>#FFAAAAAA</ShadowColor><ShadowsStyle>0</ShadowsStyle><ShadowOffsetX>3.000000</ShadowOffsetX><ShadowOffsetY>3.000000</ShadowOffsetY><ImageAlign>0</ImageAlign><TextColor>#FF000000</TextColor><ActiveItemHandlesColor>#FFFFFFFF</ActiveItemHandlesColor><SelectedItemHandlesColor>#FFAAAAAA</SelectedItemHandlesColor><DisabledHandlesColor>#FFC80000</DisabledHandlesColor><LinkStyle>2</LinkStyle><LinkSegments>2</LinkSegments><Bounds>-47.000000, -415.000000, 846.000000, 1054.000000</Bounds><TableRowsCount>4</TableRowsCount><TableColumnsCount>2</TableColumnsCount><TableColumnWidth>50.000000</TableColumnWidth><TableRowHeight>22.000000</TableRowHeight><TableCaptionHeight>22.000000</TableCaptionHeight><TableCaption>Table</TableCaption><LinkCascadeOrientation>0</LinkCascadeOrientation><TableCellBorders>2</TableCellBorders><NodesExpandable>False</NodesExpandable><TablesScrollable>False</TablesScrollable><ToolTip></ToolTip><PolygonalTextLayout>False</PolygonalTextLayout><DefaultTextFormat XValue="37"><Alignment>1</Alignment><LineAlignment>1</LineAlignment></DefaultTextFormat><Font><Name>Arial</Name><Size>9.750000</Size><Unit>0</Unit><Bold>False</Bold><Italic>False</Italic><Underline>False</Underline><Strikeout>False</Strikeout><GdiCharSet>1</GdiCharSet></Font><DefaultShape Id="Rectangle"/><ShapePen><Color>#FF000000</Color><DashStyle>0</DashStyle><Width>1.000000</Width></ShapePen><LinkPen><Color>#FF000000</Color><DashStyle>0</DashStyle><Width>1.000000</Width></LinkPen><TablePen><Color>#FF000000</Color><DashStyle>0</DashStyle><Width>1.000000</Width></TablePen><ShapeBrush Id="5"/><LinkBrush Id="3"/><TableBrush Id="1"/><Brush Id="3"/><ExteriorBrush Id="3"/><ShapeHandlesStyle>1</ShapeHandlesStyle><TableHandlesStyle>2</TableHandlesStyle><AllowLinksRepeat>True</AllowLinksRepeat><AllowUnconnectedLinks>False</AllowUnconnectedLinks><AllowUnanchoredLinks>True</AllowUnanchoredLinks><PolygonalTextLayout>False</PolygonalTextLayout><ShapeOrientation>0.000000</ShapeOrientation><RouteLinks>True</RouteLinks><LinksRetainForm>False</LinksRetainForm><LinkTextStyle>0</LinkTextStyle><TableConnectionStyle>0</TableConnectionStyle><MeasureUnit>2</MeasureUnit><MinBounds>-47.000000, -415.000000, 846.000000, 1054.000000</MinBounds><ExpandBtnPos>0</ExpandBtnPos><EnableStyledText>False</EnableStyledText><LinkText></LinkText><ShapeText></ShapeText><LinkCrossings>0</LinkCrossings><CrossRadius>8.000000</CrossRadius><LinksSnapToBorders>False</LinksSnapToBorders><LinkHandlesStyle>1</LinkHandlesStyle><RoundedLinks>False</RoundedLinks><RoundedLinksRadius>40.000000</RoundedLinksRadius><EnableLanes>False</EnableLanes></Properties><Resources><Brushes><Brush Index="5" Type="Solid"><Color>#FFCCCCF0</Color></Brush><Brush Index="3" Type="Solid"><Color>#FFFFFFFF</Color></Brush><Brush Index="1" Type="Solid"><Color>#FFDCDCDC</Color></Brush><Brush Index="0" Type="Solid"><Color>#FFF0CC60</Color></Brush><Brush Index="4" Type="Solid"><Color>#FFFFD780</Color></Brush><Brush Index="2" Type="Solid"><Color></Color></Brush></Brushes><Images Count="0"/></Resources><View><Behavior>2</Behavior><ScrollX>-47.000000</ScrollX><ScrollY>-415.000000</ScrollY><ZoomFactor>100.000000</ZoomFactor></View></Diagram>
