<Diagram Version="12"><Nodes><Node Class="std:ShapeNode" Id="0" Version="1"><Bounds>-225.000000, -193.000000, 1490.000000, 414.000000</Bounds><ZIndex>0</ZIndex><ToolTip>000263C1 

Last User:sLiesegang
Date:8/24/2009
File:Skyrim.esm</ToolTip><Locked>True</Locked><Visible>True</Visible><Printable>True</Printable><Selected>False</Selected><Brush Id="0"/><Pen><Color>#FF646464</Color><DashStyle>0</DashStyle><Width>1.000000</Width></Pen><ShadowOffsetX>0.000000</ShadowOffsetX><ShadowOffsetY>0.000000</ShadowOffsetY><Weight>1.000000</Weight><IgnoreLayout>False</IgnoreLayout><HyperLink></HyperLink><Constraints><Constraint Type="0"><Value>0</Value></Constraint><Constraint Type="1"><Value>0.000000</Value></Constraint><Constraint Type="2"><Value>0.000000</Value></Constraint><Constraint Type="3"><Value>0.000000</Value></Constraint><Constraint Type="4"><Value>0.000000</Value></Constraint></Constraints><Obstacle>False</Obstacle><AllowIncomingLinks>True</AllowIncomingLinks><AllowOutgoingLinks>False</AllowOutgoingLinks><EnabledHandles>0</EnabledHandles><HandlesStyle>1</HandlesStyle><Expanded>True</Expanded><Expandable>False</Expandable><XStyle>0</XStyle><Text>T01EnmonSybilBranch</Text><TextColor>#FF000000</TextColor><PolygonalTextLayout>False</PolygonalTextLayout><TextFormat XValue="16"><Alignment>0</Alignment><LineAlignment>0</LineAlignment></TextFormat><PolygonalTextLayout>False</PolygonalTextLayout><EnableStyledText>False</EnableStyledText><ImageAlign>2</ImageAlign><RotationAngle>0.000000</RotationAngle><RotateImage>False</RotateImage><RotateText>False</RotateText><Transparent>False</Transparent><CustomDraw>0</CustomDraw><DecorationColor></DecorationColor></Node><Node Class="std:ShapeNode" Id="1" Version="1"><Bounds>-225.000000, 239.000000, 250.000000, 122.000000</Bounds><ZIndex>1</ZIndex><ToolTip>000B786D , in use by sLiesegang</ToolTip><Locked>True</Locked><Visible>True</Visible><Printable>True</Printable><Selected>False</Selected><Brush Id="0"/><Pen><Color>#FF646464</Color><DashStyle>0</DashStyle><Width>1.000000</Width></Pen><ShadowOffsetX>0.000000</ShadowOffsetX><ShadowOffsetY>0.000000</ShadowOffsetY><Weight>1.000000</Weight><IgnoreLayout>False</IgnoreLayout><HyperLink></HyperLink><Constraints><Constraint Type="0"><Value>0</Value></Constraint><Constraint Type="1"><Value>0.000000</Value></Constraint><Constraint Type="2"><Value>0.000000</Value></Constraint><Constraint Type="3"><Value>0.000000</Value></Constraint><Constraint Type="4"><Value>0.000000</Value></Constraint></Constraints><Obstacle>False</Obstacle><AllowIncomingLinks>True</AllowIncomingLinks><AllowOutgoingLinks>False</AllowOutgoingLinks><EnabledHandles>0</EnabledHandles><HandlesStyle>1</HandlesStyle><Expanded>True</Expanded><Expandable>False</Expandable><XStyle>0</XStyle><Text>T01EnmonLookShesBackForASecondAnyway *</Text><TextColor>#FF007800</TextColor><PolygonalTextLayout>False</PolygonalTextLayout><TextFormat XValue="16"><Alignment>0</Alignment><LineAlignment>0</LineAlignment></TextFormat><PolygonalTextLayout>False</PolygonalTextLayout><EnableStyledText>False</EnableStyledText><ImageAlign>2</ImageAlign><RotationAngle>0.000000</RotationAngle><RotateImage>False</RotateImage><RotateText>False</RotateText><Transparent>False</Transparent><CustomDraw>0</CustomDraw><DecorationColor></DecorationColor></Node><Node Class="std:TableNode" Id="2" Version="1"><Bounds>392.000000, -120.000000, 176.000000, 136.000000</Bounds><ZIndex>2</ZIndex><ToolTip>00026A4C - Custom

Last User:sLiesegang
Date:9/18/2009
File:Skyrim.esm</ToolTip><Locked>False</Locked><Visible>True</Visible><Printable>True</Printable><Selected>False</Selected><Brush Id="1"/><Pen><Color>#FF000000</Color><DashStyle>0</DashStyle><Width>1.000000</Width></Pen><ShadowOffsetX>3.000000</ShadowOffsetX><ShadowOffsetY>3.000000</ShadowOffsetY><Weight>1.000000</Weight><IgnoreLayout>False</IgnoreLayout><HyperLink></HyperLink><AnchorPattern Id="TableInPattern"/><Constraints><Constraint Type="0"><Value>0</Value></Constraint><Constraint Type="1"><Value>0.000000</Value></Constraint><Constraint Type="2"><Value>0.000000</Value></Constraint><Constraint Type="3"><Value>0.000000</Value></Constraint><Constraint Type="4"><Value>0.000000</Value></Constraint></Constraints><Obstacle>True</Obstacle><AllowIncomingLinks>True</AllowIncomingLinks><AllowOutgoingLinks>False</AllowOutgoingLinks><EnabledHandles>-1</EnabledHandles><HandlesStyle>2</HandlesStyle><Cells><Cell><Text></Text><ToolTip></ToolTip><TextFormat XValue="36"><Alignment>0</Alignment><LineAlignment>1</LineAlignment></TextFormat><TextColor>#FF000000</TextColor><Brush Id="2"/><ImageAlign>4</ImageAlign><ColumnSpan>1</ColumnSpan><RowSpan>1</RowSpan></Cell><Cell><Text>It was the Forsworn from Broken Tower. Never been much trouble before. What's it to you?</Text><ToolTip></ToolTip><TextFormat XValue="16"><Alignment>0</Alignment><LineAlignment>0</LineAlignment></TextFormat><TextColor></TextColor><Brush Id="3"/><ImageAlign>4</ImageAlign><ColumnSpan>1</ColumnSpan><RowSpan>1</RowSpan></Cell></Cells><Rows><Row><AnchorPattern Id="TableOutPattern"/><Height>76.000000</Height><Header>False</Header><Expanded>True</Expanded></Row></Rows><Columns><Column><Width>9.000000</Width><ColumnStyle>0</ColumnStyle></Column><Column><Width>530.000000</Width><ColumnStyle>0</ColumnStyle></Column></Columns><Caption>T01EnmonGivesLocation: &lt;b&gt;Where did they take her?&lt;/b&gt;</Caption><CaptionColor>#FF000000</CaptionColor><CaptionHeight>60.000000</CaptionHeight><CaptionFormat XValue="2000"><Alignment>1</Alignment><LineAlignment>0</LineAlignment></CaptionFormat><CaptionBackBrush Id="1"/><EnableStyledText>True</EnableStyledText><ConnectionStyle>0</ConnectionStyle><ImageAlign>2</ImageAlign><Style>0</Style><CustomDraw>0</CustomDraw><CellFrameStyle>2</CellFrameStyle><CellCustomDraw>0</CellCustomDraw><TextColor>#FF000000</TextColor><RowHeight>22.000000</RowHeight><ColumnWidth>50.000000</ColumnWidth><CurrentScrollRow>0</CurrentScrollRow><Scrollable>False</Scrollable><OffsetHeaderRows>False</OffsetHeaderRows></Node><Node Class="std:TableNode" Id="3" Version="1"><Bounds>712.000000, -168.000000, 240.000000, 136.000000</Bounds><ZIndex>3</ZIndex><ToolTip>00026A4B - Custom

Last User:sLiesegang
Date:9/18/2009
File:Skyrim.esm</ToolTip><Locked>False</Locked><Visible>True</Visible><Printable>True</Printable><Selected>False</Selected><Brush Id="1"/><Pen><Color>#FF000000</Color><DashStyle>0</DashStyle><Width>1.000000</Width></Pen><ShadowOffsetX>3.000000</ShadowOffsetX><ShadowOffsetY>3.000000</ShadowOffsetY><Weight>1.000000</Weight><IgnoreLayout>False</IgnoreLayout><HyperLink></HyperLink><AnchorPattern Id="TableInPattern"/><Constraints><Constraint Type="0"><Value>0</Value></Constraint><Constraint Type="1"><Value>0.000000</Value></Constraint><Constraint Type="2"><Value>0.000000</Value></Constraint><Constraint Type="3"><Value>0.000000</Value></Constraint><Constraint Type="4"><Value>0.000000</Value></Constraint></Constraints><Obstacle>True</Obstacle><AllowIncomingLinks>True</AllowIncomingLinks><AllowOutgoingLinks>False</AllowOutgoingLinks><EnabledHandles>-1</EnabledHandles><HandlesStyle>2</HandlesStyle><Cells><Cell><Text></Text><ToolTip></ToolTip><TextFormat XValue="36"><Alignment>0</Alignment><LineAlignment>1</LineAlignment></TextFormat><TextColor>#FF000000</TextColor><Brush Id="2"/><ImageAlign>4</ImageAlign><ColumnSpan>1</ColumnSpan><RowSpan>1</RowSpan></Cell><Cell><Text>[S] She... really? That's... I wouldn't have dreamed. Of course, we need her in Markarth, then. I'll come with you.</Text><ToolTip></ToolTip><TextFormat XValue="16"><Alignment>0</Alignment><LineAlignment>0</LineAlignment></TextFormat><TextColor></TextColor><Brush Id="3"/><ImageAlign>4</ImageAlign><ColumnSpan>1</ColumnSpan><RowSpan>1</RowSpan></Cell></Cells><Rows><Row><AnchorPattern Id="TableOutPattern"/><Height>76.000000</Height><Header>False</Header><Expanded>True</Expanded></Row></Rows><Columns><Column><Width>9.000000</Width><ColumnStyle>0</ColumnStyle></Column><Column><Width>645.000000</Width><ColumnStyle>0</ColumnStyle></Column></Columns><Caption>T01EnmonHearsAboutSybil: &lt;b&gt;Your daughter is the Sybil of Dibella.&lt;/b&gt;</Caption><CaptionColor>#FF000000</CaptionColor><CaptionHeight>60.000000</CaptionHeight><CaptionFormat XValue="2000"><Alignment>1</Alignment><LineAlignment>0</LineAlignment></CaptionFormat><CaptionBackBrush Id="1"/><EnableStyledText>True</EnableStyledText><ConnectionStyle>0</ConnectionStyle><ImageAlign>2</ImageAlign><Style>0</Style><CustomDraw>0</CustomDraw><CellFrameStyle>2</CellFrameStyle><CellCustomDraw>0</CellCustomDraw><TextColor>#FF000000</TextColor><RowHeight>22.000000</RowHeight><ColumnWidth>50.000000</ColumnWidth><CurrentScrollRow>0</CurrentScrollRow><Scrollable>False</Scrollable><OffsetHeaderRows>False</OffsetHeaderRows></Node><Node Class="std:TableNode" Id="4" Version="1"><Bounds>712.000000, -8.000000, 240.000000, 120.000000</Bounds><ZIndex>4</ZIndex><ToolTip>00026A4A - Custom

Last User:sLiesegang
Date:9/18/2009
File:Skyrim.esm</ToolTip><Locked>False</Locked><Visible>True</Visible><Printable>True</Printable><Selected>False</Selected><Brush Id="1"/><Pen><Color>#FF000000</Color><DashStyle>0</DashStyle><Width>1.000000</Width></Pen><ShadowOffsetX>3.000000</ShadowOffsetX><ShadowOffsetY>3.000000</ShadowOffsetY><Weight>1.000000</Weight><IgnoreLayout>False</IgnoreLayout><HyperLink></HyperLink><AnchorPattern Id="TableInPattern"/><Constraints><Constraint Type="0"><Value>0</Value></Constraint><Constraint Type="1"><Value>0.000000</Value></Constraint><Constraint Type="2"><Value>0.000000</Value></Constraint><Constraint Type="3"><Value>0.000000</Value></Constraint><Constraint Type="4"><Value>0.000000</Value></Constraint></Constraints><Obstacle>True</Obstacle><AllowIncomingLinks>True</AllowIncomingLinks><AllowOutgoingLinks>False</AllowOutgoingLinks><EnabledHandles>-1</EnabledHandles><HandlesStyle>2</HandlesStyle><Cells><Cell><Text></Text><ToolTip></ToolTip><TextFormat XValue="36"><Alignment>0</Alignment><LineAlignment>1</LineAlignment></TextFormat><TextColor>#FF000000</TextColor><Brush Id="2"/><ImageAlign>4</ImageAlign><ColumnSpan>1</ColumnSpan><RowSpan>1</RowSpan></Cell><Cell><Text>[S] G|That's... that's good of you. If you were to save her, I would be very grateful. I don't think there's anything I could give you, though...</Text><ToolTip></ToolTip><TextFormat XValue="16"><Alignment>0</Alignment><LineAlignment>0</LineAlignment></TextFormat><TextColor></TextColor><Brush Id="3"/><ImageAlign>4</ImageAlign><ColumnSpan>1</ColumnSpan><RowSpan>1</RowSpan></Cell></Cells><Rows><Row><AnchorPattern Id="TableOutPattern"/><Height>76.000000</Height><Header>False</Header><Expanded>True</Expanded></Row></Rows><Columns><Column><Width>9.000000</Width><ColumnStyle>0</ColumnStyle></Column><Column><Width>771.000000</Width><ColumnStyle>0</ColumnStyle></Column></Columns><Caption>T01EnmonWantsHerToBeSafe: &lt;b&gt;I just want her to be safe.&lt;/b&gt;</Caption><CaptionColor>#FF000000</CaptionColor><CaptionHeight>44.000000</CaptionHeight><CaptionFormat XValue="2000"><Alignment>1</Alignment><LineAlignment>0</LineAlignment></CaptionFormat><CaptionBackBrush Id="1"/><EnableStyledText>True</EnableStyledText><ConnectionStyle>0</ConnectionStyle><ImageAlign>2</ImageAlign><Style>0</Style><CustomDraw>0</CustomDraw><CellFrameStyle>2</CellFrameStyle><CellCustomDraw>0</CellCustomDraw><TextColor>#FF000000</TextColor><RowHeight>22.000000</RowHeight><ColumnWidth>50.000000</ColumnWidth><CurrentScrollRow>0</CurrentScrollRow><Scrollable>False</Scrollable><OffsetHeaderRows>False</OffsetHeaderRows></Node><Node Class="std:TableNode" Id="5" Version="1"><Bounds>-200.000000, -136.000000, 288.000000, 332.000000</Bounds><ZIndex>5</ZIndex><ToolTip>000263B5 - Custom, in use by sLiesegang

Last User:sLiesegang
Date:11/2/2010
File:Skyrim.esm</ToolTip><Locked>False</Locked><Visible>True</Visible><Printable>True</Printable><Selected>False</Selected><Brush Id="1"/><Pen><Color>#FF000000</Color><DashStyle>0</DashStyle><Width>1.000000</Width></Pen><ShadowOffsetX>3.000000</ShadowOffsetX><ShadowOffsetY>3.000000</ShadowOffsetY><Weight>1.000000</Weight><IgnoreLayout>False</IgnoreLayout><HyperLink></HyperLink><AnchorPattern Id="TableInPattern"/><Constraints><Constraint Type="0"><Value>0</Value></Constraint><Constraint Type="1"><Value>0.000000</Value></Constraint><Constraint Type="2"><Value>0.000000</Value></Constraint><Constraint Type="3"><Value>0.000000</Value></Constraint><Constraint Type="4"><Value>0.000000</Value></Constraint></Constraints><Obstacle>True</Obstacle><AllowIncomingLinks>True</AllowIncomingLinks><AllowOutgoingLinks>False</AllowOutgoingLinks><EnabledHandles>-1</EnabledHandles><HandlesStyle>2</HandlesStyle><Cells><Cell><Text></Text><ToolTip></ToolTip><TextFormat XValue="36"><Alignment>0</Alignment><LineAlignment>1</LineAlignment></TextFormat><TextColor>#FF000000</TextColor><Brush Id="2"/><ImageAlign>4</ImageAlign><ColumnSpan>1</ColumnSpan><RowSpan>1</RowSpan></Cell><Cell><Text>Damn it, man, are you trying to taunt us? </Text><ToolTip></ToolTip><TextFormat XValue="16"><Alignment>0</Alignment><LineAlignment>0</LineAlignment></TextFormat><TextColor></TextColor><Brush Id="3"/><ImageAlign>4</ImageAlign><ColumnSpan>1</ColumnSpan><RowSpan>1</RowSpan></Cell><Cell><Text></Text><ToolTip></ToolTip><TextFormat XValue="36"><Alignment>0</Alignment><LineAlignment>1</LineAlignment></TextFormat><TextColor>#FF007800</TextColor><Brush Id="2"/><ImageAlign>4</ImageAlign><ColumnSpan>1</ColumnSpan><RowSpan>1</RowSpan></Cell><Cell><Text>Damn it, woman, are you trying to taunt us? </Text><ToolTip></ToolTip><TextFormat XValue="16"><Alignment>0</Alignment><LineAlignment>0</LineAlignment></TextFormat><TextColor></TextColor><Brush Id="3"/><ImageAlign>4</ImageAlign><ColumnSpan>1</ColumnSpan><RowSpan>1</RowSpan></Cell><Cell><Text></Text><ToolTip></ToolTip><TextFormat XValue="36"><Alignment>0</Alignment><LineAlignment>1</LineAlignment></TextFormat><TextColor>#FF007800</TextColor><Brush Id="2"/><ImageAlign>4</ImageAlign><ColumnSpan>1</ColumnSpan><RowSpan>1</RowSpan></Cell><Cell><Text>[S] G|Oh, I... I'm sorry. I just can't... you'll have to speak to my husband.</Text><ToolTip></ToolTip><TextFormat XValue="16"><Alignment>0</Alignment><LineAlignment>0</LineAlignment></TextFormat><TextColor></TextColor><Brush Id="3"/><ImageAlign>4</ImageAlign><ColumnSpan>1</ColumnSpan><RowSpan>1</RowSpan></Cell><Cell><Text></Text><ToolTip></ToolTip><TextFormat XValue="36"><Alignment>0</Alignment><LineAlignment>1</LineAlignment></TextFormat><TextColor>#FF007800</TextColor><Brush Id="2"/><ImageAlign>4</ImageAlign><ColumnSpan>1</ColumnSpan><RowSpan>1</RowSpan></Cell><Cell><Text>[S] Oh, my. You'll want to talk to Enmon about that.</Text><ToolTip></ToolTip><TextFormat XValue="16"><Alignment>0</Alignment><LineAlignment>0</LineAlignment></TextFormat><TextColor></TextColor><Brush Id="3"/><ImageAlign>4</ImageAlign><ColumnSpan>1</ColumnSpan><RowSpan>1</RowSpan></Cell><Cell><Text></Text><ToolTip></ToolTip><TextFormat XValue="36"><Alignment>0</Alignment><LineAlignment>1</LineAlignment></TextFormat><TextColor>#FF007800</TextColor><Brush Id="2"/><ImageAlign>4</ImageAlign><ColumnSpan>1</ColumnSpan><RowSpan>1</RowSpan></Cell><Cell><Text>[S] I thought Enmon and Mean had a little girl, but I haven't seen her in a while.</Text><ToolTip></ToolTip><TextFormat XValue="16"><Alignment>0</Alignment><LineAlignment>0</LineAlignment></TextFormat><TextColor></TextColor><Brush Id="3"/><ImageAlign>4</ImageAlign><ColumnSpan>1</ColumnSpan><RowSpan>1</RowSpan></Cell><Cell><Text></Text><ToolTip></ToolTip><TextFormat XValue="36"><Alignment>0</Alignment><LineAlignment>1</LineAlignment></TextFormat><TextColor>#FF007800</TextColor><Brush Id="2"/><ImageAlign>4</ImageAlign><ColumnSpan>1</ColumnSpan><RowSpan>1</RowSpan></Cell><Cell><Text>[S] I think you might be looking for Enmon. </Text><ToolTip></ToolTip><TextFormat XValue="16"><Alignment>0</Alignment><LineAlignment>0</LineAlignment></TextFormat><TextColor></TextColor><Brush Id="3"/><ImageAlign>4</ImageAlign><ColumnSpan>1</ColumnSpan><RowSpan>1</RowSpan></Cell><Cell><Text></Text><ToolTip></ToolTip><TextFormat XValue="36"><Alignment>0</Alignment><LineAlignment>1</LineAlignment></TextFormat><TextColor>#FF007800</TextColor><Brush Id="2"/><ImageAlign>4</ImageAlign><ColumnSpan>1</ColumnSpan><RowSpan>1</RowSpan></Cell><Cell><Text>And what's that have to do with me?</Text><ToolTip></ToolTip><TextFormat XValue="16"><Alignment>0</Alignment><LineAlignment>0</LineAlignment></TextFormat><TextColor></TextColor><Brush Id="3"/><ImageAlign>4</ImageAlign><ColumnSpan>1</ColumnSpan><RowSpan>1</RowSpan></Cell><Cell><Text></Text><ToolTip></ToolTip><TextFormat XValue="36"><Alignment>0</Alignment><LineAlignment>1</LineAlignment></TextFormat><TextColor>#FF007800</TextColor><Brush Id="2"/><ImageAlign>4</ImageAlign><ColumnSpan>1</ColumnSpan><RowSpan>1</RowSpan></Cell><Cell><Text>Yeah, we're all looking for something.</Text><ToolTip></ToolTip><TextFormat XValue="16"><Alignment>0</Alignment><LineAlignment>0</LineAlignment></TextFormat><TextColor></TextColor><Brush Id="3"/><ImageAlign>4</ImageAlign><ColumnSpan>1</ColumnSpan><RowSpan>1</RowSpan></Cell></Cells><Rows><Row><AnchorPattern Id="TableOutPattern"/><Height>28.000000</Height><Header>False</Header><Expanded>True</Expanded></Row><Row><AnchorPattern Id="TableOutPattern"/><Height>44.000000</Height><Header>False</Header><Expanded>True</Expanded></Row><Row><AnchorPattern Id="TableOutPattern"/><Height>44.000000</Height><Header>False</Header><Expanded>True</Expanded></Row><Row><AnchorPattern Id="TableOutPattern"/><Height>44.000000</Height><Header>False</Header><Expanded>True</Expanded></Row><Row><AnchorPattern Id="TableOutPattern"/><Height>44.000000</Height><Header>False</Header><Expanded>True</Expanded></Row><Row><AnchorPattern Id="TableOutPattern"/><Height>28.000000</Height><Header>False</Header><Expanded>True</Expanded></Row><Row><AnchorPattern Id="TableOutPattern"/><Height>28.000000</Height><Header>False</Header><Expanded>True</Expanded></Row><Row><AnchorPattern Id="TableOutPattern"/><Height>28.000000</Height><Header>False</Header><Expanded>True</Expanded></Row></Rows><Columns><Column><Width>9.000000</Width><ColumnStyle>0</ColumnStyle></Column><Column><Width>267.000000</Width><ColumnStyle>0</ColumnStyle></Column></Columns><Caption>T01EnmonSybilBranchTopic: &lt;b&gt;I'm looking for a young girl who lives around here.&lt;/b&gt;</Caption><CaptionColor>#FF007800</CaptionColor><CaptionHeight>44.000000</CaptionHeight><CaptionFormat XValue="2000"><Alignment>1</Alignment><LineAlignment>0</LineAlignment></CaptionFormat><CaptionBackBrush Id="4"/><EnableStyledText>True</EnableStyledText><ConnectionStyle>0</ConnectionStyle><ImageAlign>2</ImageAlign><Style>0</Style><CustomDraw>0</CustomDraw><CellFrameStyle>2</CellFrameStyle><CellCustomDraw>0</CellCustomDraw><TextColor>#FF007800</TextColor><RowHeight>22.000000</RowHeight><ColumnWidth>50.000000</ColumnWidth><CurrentScrollRow>0</CurrentScrollRow><Scrollable>False</Scrollable><OffsetHeaderRows>False</OffsetHeaderRows></Node><Node Class="std:TableNode" Id="6" Version="1"><Bounds>152.000000, -136.000000, 192.000000, 152.000000</Bounds><ZIndex>6</ZIndex><ToolTip>00026A4D - Custom

Last User:sLiesegang
Date:9/18/2009
File:Skyrim.esm</ToolTip><Locked>False</Locked><Visible>True</Visible><Printable>True</Printable><Selected>False</Selected><Brush Id="1"/><Pen><Color>#FF000000</Color><DashStyle>0</DashStyle><Width>1.000000</Width></Pen><ShadowOffsetX>3.000000</ShadowOffsetX><ShadowOffsetY>3.000000</ShadowOffsetY><Weight>1.000000</Weight><IgnoreLayout>False</IgnoreLayout><HyperLink></HyperLink><AnchorPattern Id="TableInPattern"/><Constraints><Constraint Type="0"><Value>0</Value></Constraint><Constraint Type="1"><Value>0.000000</Value></Constraint><Constraint Type="2"><Value>0.000000</Value></Constraint><Constraint Type="3"><Value>0.000000</Value></Constraint><Constraint Type="4"><Value>0.000000</Value></Constraint></Constraints><Obstacle>True</Obstacle><AllowIncomingLinks>True</AllowIncomingLinks><AllowOutgoingLinks>False</AllowOutgoingLinks><EnabledHandles>-1</EnabledHandles><HandlesStyle>2</HandlesStyle><Cells><Cell><Text></Text><ToolTip></ToolTip><TextFormat XValue="36"><Alignment>0</Alignment><LineAlignment>1</LineAlignment></TextFormat><TextColor>#FF000000</TextColor><Brush Id="2"/><ImageAlign>4</ImageAlign><ColumnSpan>1</ColumnSpan><RowSpan>1</RowSpan></Cell><Cell><Text>Our daughter, Fjotra, was taken from here. The Forsworn descended and... they didn't touch anything else. Just our little girl.</Text><ToolTip></ToolTip><TextFormat XValue="16"><Alignment>0</Alignment><LineAlignment>0</LineAlignment></TextFormat><TextColor></TextColor><Brush Id="3"/><ImageAlign>4</ImageAlign><ColumnSpan>1</ColumnSpan><RowSpan>1</RowSpan></Cell></Cells><Rows><Row><AnchorPattern Id="TableOutPattern"/><Height>92.000000</Height><Header>False</Header><Expanded>True</Expanded></Row></Rows><Columns><Column><Width>9.000000</Width><ColumnStyle>0</ColumnStyle></Column><Column><Width>727.000000</Width><ColumnStyle>0</ColumnStyle></Column></Columns><Caption>T01EnmonTellsAboutKidnapping: &lt;b&gt;What are you talking about?&lt;/b&gt;</Caption><CaptionColor>#FF000000</CaptionColor><CaptionHeight>60.000000</CaptionHeight><CaptionFormat XValue="2000"><Alignment>1</Alignment><LineAlignment>0</LineAlignment></CaptionFormat><CaptionBackBrush Id="1"/><EnableStyledText>True</EnableStyledText><ConnectionStyle>0</ConnectionStyle><ImageAlign>2</ImageAlign><Style>0</Style><CustomDraw>0</CustomDraw><CellFrameStyle>2</CellFrameStyle><CellCustomDraw>0</CellCustomDraw><TextColor>#FF000000</TextColor><RowHeight>22.000000</RowHeight><ColumnWidth>50.000000</ColumnWidth><CurrentScrollRow>0</CurrentScrollRow><Scrollable>False</Scrollable><OffsetHeaderRows>False</OffsetHeaderRows></Node><Node Class="std:TableNode" Id="7" Version="1"><Bounds>1032.000000, -8.000000, 208.000000, 136.000000</Bounds><ZIndex>7</ZIndex><ToolTip>00086829 - Custom

Last User:sLiesegang
Date:8/6/2010
File:Skyrim.esm</ToolTip><Locked>False</Locked><Visible>True</Visible><Printable>True</Printable><Selected>False</Selected><Brush Id="1"/><Pen><Color>#FF000000</Color><DashStyle>0</DashStyle><Width>1.000000</Width></Pen><ShadowOffsetX>3.000000</ShadowOffsetX><ShadowOffsetY>3.000000</ShadowOffsetY><Weight>1.000000</Weight><IgnoreLayout>False</IgnoreLayout><HyperLink></HyperLink><AnchorPattern Id="TableInPattern"/><Constraints><Constraint Type="0"><Value>0</Value></Constraint><Constraint Type="1"><Value>0.000000</Value></Constraint><Constraint Type="2"><Value>0.000000</Value></Constraint><Constraint Type="3"><Value>0.000000</Value></Constraint><Constraint Type="4"><Value>0.000000</Value></Constraint></Constraints><Obstacle>True</Obstacle><AllowIncomingLinks>True</AllowIncomingLinks><AllowOutgoingLinks>False</AllowOutgoingLinks><EnabledHandles>-1</EnabledHandles><HandlesStyle>2</HandlesStyle><Cells><Cell><Text></Text><ToolTip></ToolTip><TextFormat XValue="36"><Alignment>0</Alignment><LineAlignment>1</LineAlignment></TextFormat><TextColor>#FF000000</TextColor><Brush Id="2"/><ImageAlign>4</ImageAlign><ColumnSpan>1</ColumnSpan><RowSpan>1</RowSpan></Cell><Cell><Text>G|You're... probably right. Just hurry, please. Who knows what those things are doing to her.</Text><ToolTip></ToolTip><TextFormat XValue="16"><Alignment>0</Alignment><LineAlignment>0</LineAlignment></TextFormat><TextColor></TextColor><Brush Id="3"/><ImageAlign>4</ImageAlign><ColumnSpan>1</ColumnSpan><RowSpan>1</RowSpan></Cell></Cells><Rows><Row><AnchorPattern Id="TableOutPattern"/><Height>76.000000</Height><Header>False</Header><Expanded>True</Expanded></Row></Rows><Columns><Column><Width>50.000000</Width><ColumnStyle>0</ColumnStyle></Column><Column><Width>50.000000</Width><ColumnStyle>0</ColumnStyle></Column></Columns><Caption>T01EnmonStayBehind: &lt;b&gt;It's dangerous out there. You should stay.&lt;/b&gt;</Caption><CaptionColor>#FF000000</CaptionColor><CaptionHeight>60.000000</CaptionHeight><CaptionFormat XValue="2000"><Alignment>1</Alignment><LineAlignment>0</LineAlignment></CaptionFormat><CaptionBackBrush Id="1"/><EnableStyledText>True</EnableStyledText><ConnectionStyle>0</ConnectionStyle><ImageAlign>2</ImageAlign><Style>0</Style><CustomDraw>0</CustomDraw><CellFrameStyle>2</CellFrameStyle><CellCustomDraw>0</CellCustomDraw><TextColor>#FF000000</TextColor><RowHeight>22.000000</RowHeight><ColumnWidth>50.000000</ColumnWidth><CurrentScrollRow>0</CurrentScrollRow><Scrollable>False</Scrollable><OffsetHeaderRows>False</OffsetHeaderRows></Node><Node Class="std:TableNode" Id="8" Version="1"><Bounds>1032.000000, -168.000000, 200.000000, 104.000000</Bounds><ZIndex>8</ZIndex><ToolTip>00086828 - Custom

Last User:sLiesegang
Date:8/6/2010
File:Skyrim.esm</ToolTip><Locked>False</Locked><Visible>True</Visible><Printable>True</Printable><Selected>True</Selected><Brush Id="1"/><Pen><Color>#FF000000</Color><DashStyle>0</DashStyle><Width>1.000000</Width></Pen><ShadowOffsetX>3.000000</ShadowOffsetX><ShadowOffsetY>3.000000</ShadowOffsetY><Weight>1.000000</Weight><IgnoreLayout>False</IgnoreLayout><HyperLink></HyperLink><AnchorPattern Id="TableInPattern"/><Constraints><Constraint Type="0"><Value>0</Value></Constraint><Constraint Type="1"><Value>0.000000</Value></Constraint><Constraint Type="2"><Value>0.000000</Value></Constraint><Constraint Type="3"><Value>0.000000</Value></Constraint><Constraint Type="4"><Value>0.000000</Value></Constraint></Constraints><Obstacle>True</Obstacle><AllowIncomingLinks>True</AllowIncomingLinks><AllowOutgoingLinks>True</AllowOutgoingLinks><EnabledHandles>-1</EnabledHandles><HandlesStyle>2</HandlesStyle><Cells><Cell><Text></Text><ToolTip></ToolTip><TextFormat XValue="36"><Alignment>0</Alignment><LineAlignment>1</LineAlignment></TextFormat><TextColor>#FF000000</TextColor><Brush Id="2"/><ImageAlign>4</ImageAlign><ColumnSpan>1</ColumnSpan><RowSpan>1</RowSpan></Cell><Cell><Text>[S] G|Thank you, friend.</Text><ToolTip></ToolTip><TextFormat XValue="16"><Alignment>0</Alignment><LineAlignment>0</LineAlignment></TextFormat><TextColor></TextColor><Brush Id="5"/><ImageAlign>4</ImageAlign><ColumnSpan>1</ColumnSpan><RowSpan>1</RowSpan></Cell></Cells><Rows><Row><AnchorPattern Id="TableOutPattern"/><Height>44.000000</Height><Header>False</Header><Expanded>True</Expanded></Row></Rows><Columns><Column><Width>50.000000</Width><ColumnStyle>0</ColumnStyle></Column><Column><Width>50.000000</Width><ColumnStyle>0</ColumnStyle></Column></Columns><Caption>T01EnmonComeWithMe: &lt;b&gt;We'll save her together.&lt;/b&gt;</Caption><CaptionColor>#FF000000</CaptionColor><CaptionHeight>60.000000</CaptionHeight><CaptionFormat XValue="2000"><Alignment>1</Alignment><LineAlignment>0</LineAlignment></CaptionFormat><CaptionBackBrush Id="1"/><EnableStyledText>True</EnableStyledText><ConnectionStyle>0</ConnectionStyle><ImageAlign>2</ImageAlign><Style>0</Style><CustomDraw>0</CustomDraw><CellFrameStyle>2</CellFrameStyle><CellCustomDraw>0</CellCustomDraw><TextColor>#FF000000</TextColor><RowHeight>22.000000</RowHeight><ColumnWidth>50.000000</ColumnWidth><CurrentScrollRow>0</CurrentScrollRow><Scrollable>False</Scrollable><OffsetHeaderRows>False</OffsetHeaderRows></Node><Node Class="std:TableNode" Id="9" Version="1"><Bounds>-200.000000, 264.000000, 200.000000, 72.000000</Bounds><ZIndex>9</ZIndex><ToolTip>000B7859 - Custom, in use by sLiesegang</ToolTip><Locked>False</Locked><Visible>True</Visible><Printable>True</Printable><Selected>False</Selected><Brush Id="1"/><Pen><Color>#FF000000</Color><DashStyle>0</DashStyle><Width>1.000000</Width></Pen><ShadowOffsetX>3.000000</ShadowOffsetX><ShadowOffsetY>3.000000</ShadowOffsetY><Weight>1.000000</Weight><IgnoreLayout>False</IgnoreLayout><HyperLink></HyperLink><AnchorPattern Id="TableInPattern"/><Constraints><Constraint Type="0"><Value>0</Value></Constraint><Constraint Type="1"><Value>0.000000</Value></Constraint><Constraint Type="2"><Value>0.000000</Value></Constraint><Constraint Type="3"><Value>0.000000</Value></Constraint><Constraint Type="4"><Value>0.000000</Value></Constraint></Constraints><Obstacle>True</Obstacle><AllowIncomingLinks>True</AllowIncomingLinks><AllowOutgoingLinks>False</AllowOutgoingLinks><EnabledHandles>-1</EnabledHandles><HandlesStyle>2</HandlesStyle><Cells><Cell><Text></Text><ToolTip></ToolTip><TextFormat XValue="36"><Alignment>0</Alignment><LineAlignment>1</LineAlignment></TextFormat><TextColor>#FF007800</TextColor><Brush Id="2"/><ImageAlign>4</ImageAlign><ColumnSpan>1</ColumnSpan><RowSpan>1</RowSpan></Cell><Cell><Text>[S] G|Fjotra!</Text><ToolTip></ToolTip><TextFormat XValue="16"><Alignment>0</Alignment><LineAlignment>0</LineAlignment></TextFormat><TextColor></TextColor><Brush Id="3"/><ImageAlign>4</ImageAlign><ColumnSpan>1</ColumnSpan><RowSpan>1</RowSpan></Cell></Cells><Rows><Row><AnchorPattern Id="TableOutPattern"/><Height>28.000000</Height><Header>False</Header><Expanded>True</Expanded></Row></Rows><Columns><Column><Width>50.000000</Width><ColumnStyle>0</ColumnStyle></Column><Column><Width>50.000000</Width><ColumnStyle>0</ColumnStyle></Column></Columns><Caption>T01EnmonLookShesBackForASecondAnywayTopic: &lt;b&gt;I've found your daughter.&lt;/b&gt;</Caption><CaptionColor>#FF007800</CaptionColor><CaptionHeight>44.000000</CaptionHeight><CaptionFormat XValue="2000"><Alignment>1</Alignment><LineAlignment>0</LineAlignment></CaptionFormat><CaptionBackBrush Id="4"/><EnableStyledText>True</EnableStyledText><ConnectionStyle>0</ConnectionStyle><ImageAlign>2</ImageAlign><Style>0</Style><CustomDraw>0</CustomDraw><CellFrameStyle>2</CellFrameStyle><CellCustomDraw>0</CellCustomDraw><TextColor>#FF007800</TextColor><RowHeight>22.000000</RowHeight><ColumnWidth>50.000000</ColumnWidth><CurrentScrollRow>0</CurrentScrollRow><Scrollable>False</Scrollable><OffsetHeaderRows>False</OffsetHeaderRows></Node></Nodes><Links><Link Class="std:DiagramLink" Id="10" Version="1"><Bounds>344.000000, -52.000000, 48.000000, 23.000000</Bounds><ZIndex>10</ZIndex><ToolTip></ToolTip><Locked>False</Locked><Visible>True</Visible><Printable>True</Printable><Selected>False</Selected><Brush Id="3"/><Pen><Color>#FF000000</Color><DashStyle>0</DashStyle><Width>1.000000</Width></Pen><ShadowOffsetX>3.000000</ShadowOffsetX><ShadowOffsetY>3.000000</ShadowOffsetY><Weight>1.000000</Weight><IgnoreLayout>False</IgnoreLayout><Origin Id="6" ClassId="std:TableNode" Version="1"/><OriginRelative>100.000000, 50.000000</OriginRelative><OriginAnchor>0</OriginAnchor><Destination Id="2" ClassId="std:TableNode" Version="1"/><DestinationRelative>0.000000, 50.000000</DestinationRelative><DestinationAnchor>0</DestinationAnchor><OriginRow>0</OriginRow><DestinationRow>-1</DestinationRow><Style>1</Style><SegmentCount>1</SegmentCount><Points><Point>344.000000, -29.000000</Point><Point>392.000000, -52.000000</Point></Points><Dynamic>False</Dynamic><RetainForm>False</RetainForm><AutoRoute>True</AutoRoute><SnapToNodeBorder>False</SnapToNodeBorder><CascadeOrientation>0</CascadeOrientation><CascadeStartHorizontal>True</CascadeStartHorizontal><Text></Text><TextStyle>0</TextStyle><TextColor>#FF000000</TextColor><Reflexive>False</Reflexive><HeadShape>2</HeadShape><BaseShape>0</BaseShape><IntermediateShape>0</IntermediateShape><HeadShapeSize>15.000000</HeadShapeSize><BaseShapeSize>15.000000</BaseShapeSize><IntermediateShapeSize>10.000000</IntermediateShapeSize><CustomDraw>0</CustomDraw><DrawCrossings>True</DrawCrossings><HandlesStyle>1</HandlesStyle><AllowMoveStart>True</AllowMoveStart><AllowMoveEnd>True</AllowMoveEnd><LabelSegment>2147483647</LabelSegment><LabelOffset>0.000000</LabelOffset></Link><Link Class="std:DiagramLink" Id="11" Version="1"><Bounds>568.000000, -100.000000, 144.000000, 79.000000</Bounds><ZIndex>11</ZIndex><ToolTip></ToolTip><Locked>False</Locked><Visible>True</Visible><Printable>True</Printable><Selected>False</Selected><Brush Id="3"/><Pen><Color>#FF000000</Color><DashStyle>0</DashStyle><Width>1.000000</Width></Pen><ShadowOffsetX>3.000000</ShadowOffsetX><ShadowOffsetY>3.000000</ShadowOffsetY><Weight>1.000000</Weight><IgnoreLayout>False</IgnoreLayout><Origin Id="2" ClassId="std:TableNode" Version="1"/><OriginRelative>100.000000, 50.000000</OriginRelative><OriginAnchor>0</OriginAnchor><Destination Id="3" ClassId="std:TableNode" Version="1"/><DestinationRelative>0.000000, 50.000000</DestinationRelative><DestinationAnchor>0</DestinationAnchor><OriginRow>0</OriginRow><DestinationRow>-1</DestinationRow><Style>1</Style><SegmentCount>1</SegmentCount><Points><Point>568.000000, -21.000000</Point><Point>712.000000, -100.000000</Point></Points><Dynamic>False</Dynamic><RetainForm>False</RetainForm><AutoRoute>True</AutoRoute><SnapToNodeBorder>False</SnapToNodeBorder><CascadeOrientation>0</CascadeOrientation><CascadeStartHorizontal>True</CascadeStartHorizontal><Text></Text><TextStyle>0</TextStyle><TextColor>#FF000000</TextColor><Reflexive>False</Reflexive><HeadShape>2</HeadShape><BaseShape>0</BaseShape><IntermediateShape>0</IntermediateShape><HeadShapeSize>15.000000</HeadShapeSize><BaseShapeSize>15.000000</BaseShapeSize><IntermediateShapeSize>10.000000</IntermediateShapeSize><CustomDraw>0</CustomDraw><DrawCrossings>True</DrawCrossings><HandlesStyle>1</HandlesStyle><AllowMoveStart>True</AllowMoveStart><AllowMoveEnd>True</AllowMoveEnd><LabelSegment>2147483647</LabelSegment><LabelOffset>0.000000</LabelOffset></Link><Link Class="std:DiagramLink" Id="12" Version="1"><Bounds>568.000000, -21.000000, 144.000000, 73.000000</Bounds><ZIndex>12</ZIndex><ToolTip></ToolTip><Locked>False</Locked><Visible>True</Visible><Printable>True</Printable><Selected>False</Selected><Brush Id="3"/><Pen><Color>#FF000000</Color><DashStyle>0</DashStyle><Width>1.000000</Width></Pen><ShadowOffsetX>3.000000</ShadowOffsetX><ShadowOffsetY>3.000000</ShadowOffsetY><Weight>1.000000</Weight><IgnoreLayout>False</IgnoreLayout><Origin Id="2" ClassId="std:TableNode" Version="1"/><OriginRelative>100.000000, 50.000000</OriginRelative><OriginAnchor>0</OriginAnchor><Destination Id="4" ClassId="std:TableNode" Version="1"/><DestinationRelative>0.000000, 50.000000</DestinationRelative><DestinationAnchor>0</DestinationAnchor><OriginRow>0</OriginRow><DestinationRow>-1</DestinationRow><Style>1</Style><SegmentCount>1</SegmentCount><Points><Point>568.000000, -21.000000</Point><Point>712.000000, 52.000000</Point></Points><Dynamic>False</Dynamic><RetainForm>False</RetainForm><AutoRoute>True</AutoRoute><SnapToNodeBorder>False</SnapToNodeBorder><CascadeOrientation>0</CascadeOrientation><CascadeStartHorizontal>True</CascadeStartHorizontal><Text></Text><TextStyle>0</TextStyle><TextColor>#FF000000</TextColor><Reflexive>False</Reflexive><HeadShape>2</HeadShape><BaseShape>0</BaseShape><IntermediateShape>0</IntermediateShape><HeadShapeSize>15.000000</HeadShapeSize><BaseShapeSize>15.000000</BaseShapeSize><IntermediateShapeSize>10.000000</IntermediateShapeSize><CustomDraw>0</CustomDraw><DrawCrossings>True</DrawCrossings><HandlesStyle>1</HandlesStyle><AllowMoveStart>True</AllowMoveStart><AllowMoveEnd>True</AllowMoveEnd><LabelSegment>2147483647</LabelSegment><LabelOffset>0.000000</LabelOffset></Link><Link Class="std:DiagramLink" Id="13" Version="1"><Bounds>952.000000, -116.000000, 80.000000, 47.000000</Bounds><ZIndex>13</ZIndex><ToolTip></ToolTip><Locked>False</Locked><Visible>True</Visible><Printable>True</Printable><Selected>False</Selected><Brush Id="3"/><Pen><Color>#FF000000</Color><DashStyle>0</DashStyle><Width>1.000000</Width></Pen><ShadowOffsetX>3.000000</ShadowOffsetX><ShadowOffsetY>3.000000</ShadowOffsetY><Weight>1.000000</Weight><IgnoreLayout>False</IgnoreLayout><Origin Id="3" ClassId="std:TableNode" Version="1"/><OriginRelative>100.000000, 50.000000</OriginRelative><OriginAnchor>0</OriginAnchor><Destination Id="8" ClassId="std:TableNode" Version="1"/><DestinationRelative>0.000000, 50.000000</DestinationRelative><DestinationAnchor>0</DestinationAnchor><OriginRow>0</OriginRow><DestinationRow>-1</DestinationRow><Style>1</Style><SegmentCount>1</SegmentCount><Points><Point>952.000000, -69.000000</Point><Point>1032.000000, -116.000000</Point></Points><Dynamic>False</Dynamic><RetainForm>False</RetainForm><AutoRoute>True</AutoRoute><SnapToNodeBorder>False</SnapToNodeBorder><CascadeOrientation>0</CascadeOrientation><CascadeStartHorizontal>True</CascadeStartHorizontal><Text></Text><TextStyle>0</TextStyle><TextColor>#FF000000</TextColor><Reflexive>False</Reflexive><HeadShape>2</HeadShape><BaseShape>0</BaseShape><IntermediateShape>0</IntermediateShape><HeadShapeSize>15.000000</HeadShapeSize><BaseShapeSize>15.000000</BaseShapeSize><IntermediateShapeSize>10.000000</IntermediateShapeSize><CustomDraw>0</CustomDraw><DrawCrossings>True</DrawCrossings><HandlesStyle>1</HandlesStyle><AllowMoveStart>True</AllowMoveStart><AllowMoveEnd>True</AllowMoveEnd><LabelSegment>2147483647</LabelSegment><LabelOffset>0.000000</LabelOffset></Link><Link Class="std:DiagramLink" Id="14" Version="1"><Bounds>952.000000, -69.000000, 80.000000, 129.000000</Bounds><ZIndex>14</ZIndex><ToolTip></ToolTip><Locked>False</Locked><Visible>True</Visible><Printable>True</Printable><Selected>False</Selected><Brush Id="3"/><Pen><Color>#FF000000</Color><DashStyle>0</DashStyle><Width>1.000000</Width></Pen><ShadowOffsetX>3.000000</ShadowOffsetX><ShadowOffsetY>3.000000</ShadowOffsetY><Weight>1.000000</Weight><IgnoreLayout>False</IgnoreLayout><Origin Id="3" ClassId="std:TableNode" Version="1"/><OriginRelative>100.000000, 50.000000</OriginRelative><OriginAnchor>0</OriginAnchor><Destination Id="7" ClassId="std:TableNode" Version="1"/><DestinationRelative>0.000000, 50.000000</DestinationRelative><DestinationAnchor>0</DestinationAnchor><OriginRow>0</OriginRow><DestinationRow>-1</DestinationRow><Style>1</Style><SegmentCount>1</SegmentCount><Points><Point>952.000000, -69.000000</Point><Point>1032.000000, 60.000000</Point></Points><Dynamic>False</Dynamic><RetainForm>False</RetainForm><AutoRoute>True</AutoRoute><SnapToNodeBorder>False</SnapToNodeBorder><CascadeOrientation>0</CascadeOrientation><CascadeStartHorizontal>True</CascadeStartHorizontal><Text></Text><TextStyle>0</TextStyle><TextColor>#FF000000</TextColor><Reflexive>False</Reflexive><HeadShape>2</HeadShape><BaseShape>0</BaseShape><IntermediateShape>0</IntermediateShape><HeadShapeSize>15.000000</HeadShapeSize><BaseShapeSize>15.000000</BaseShapeSize><IntermediateShapeSize>10.000000</IntermediateShapeSize><CustomDraw>0</CustomDraw><DrawCrossings>True</DrawCrossings><HandlesStyle>1</HandlesStyle><AllowMoveStart>True</AllowMoveStart><AllowMoveEnd>True</AllowMoveEnd><LabelSegment>2147483647</LabelSegment><LabelOffset>0.000000</LabelOffset></Link><Link Class="std:DiagramLink" Id="15" Version="1"><Bounds>88.000000, -77.000000, 64.000000, 17.000000</Bounds><ZIndex>15</ZIndex><ToolTip></ToolTip><Locked>False</Locked><Visible>True</Visible><Printable>True</Printable><Selected>False</Selected><Brush Id="3"/><Pen><Color>#FF000000</Color><DashStyle>0</DashStyle><Width>1.000000</Width></Pen><ShadowOffsetX>3.000000</ShadowOffsetX><ShadowOffsetY>3.000000</ShadowOffsetY><Weight>1.000000</Weight><IgnoreLayout>False</IgnoreLayout><Origin Id="5" ClassId="std:TableNode" Version="1"/><OriginRelative>100.000000, 50.000000</OriginRelative><OriginAnchor>0</OriginAnchor><Destination Id="6" ClassId="std:TableNode" Version="1"/><DestinationRelative>0.000000, 50.000000</DestinationRelative><DestinationAnchor>0</DestinationAnchor><OriginRow>0</OriginRow><DestinationRow>-1</DestinationRow><Style>1</Style><SegmentCount>1</SegmentCount><Points><Point>88.000000, -77.000000</Point><Point>152.000000, -60.000000</Point></Points><Dynamic>False</Dynamic><RetainForm>False</RetainForm><AutoRoute>True</AutoRoute><SnapToNodeBorder>False</SnapToNodeBorder><CascadeOrientation>0</CascadeOrientation><CascadeStartHorizontal>True</CascadeStartHorizontal><Text></Text><TextStyle>0</TextStyle><TextColor>#FF000000</TextColor><Reflexive>False</Reflexive><HeadShape>2</HeadShape><BaseShape>0</BaseShape><IntermediateShape>0</IntermediateShape><HeadShapeSize>15.000000</HeadShapeSize><BaseShapeSize>15.000000</BaseShapeSize><IntermediateShapeSize>10.000000</IntermediateShapeSize><CustomDraw>0</CustomDraw><DrawCrossings>True</DrawCrossings><HandlesStyle>1</HandlesStyle><AllowMoveStart>True</AllowMoveStart><AllowMoveEnd>True</AllowMoveEnd><LabelSegment>2147483647</LabelSegment><LabelOffset>0.000000</LabelOffset></Link><Link Class="std:DiagramLink" Id="16" Version="1"><Bounds>88.000000, -60.000000, 64.000000, 19.000000</Bounds><ZIndex>16</ZIndex><ToolTip></ToolTip><Locked>False</Locked><Visible>True</Visible><Printable>True</Printable><Selected>False</Selected><Brush Id="3"/><Pen><Color>#FF000000</Color><DashStyle>0</DashStyle><Width>1.000000</Width></Pen><ShadowOffsetX>3.000000</ShadowOffsetX><ShadowOffsetY>3.000000</ShadowOffsetY><Weight>1.000000</Weight><IgnoreLayout>False</IgnoreLayout><Origin Id="5" ClassId="std:TableNode" Version="1"/><OriginRelative>100.000000, 50.000000</OriginRelative><OriginAnchor>0</OriginAnchor><Destination Id="6" ClassId="std:TableNode" Version="1"/><DestinationRelative>0.000000, 50.000000</DestinationRelative><DestinationAnchor>0</DestinationAnchor><OriginRow>1</OriginRow><DestinationRow>-1</DestinationRow><Style>1</Style><SegmentCount>1</SegmentCount><Points><Point>88.000000, -41.000000</Point><Point>152.000000, -60.000000</Point></Points><Dynamic>False</Dynamic><RetainForm>False</RetainForm><AutoRoute>True</AutoRoute><SnapToNodeBorder>False</SnapToNodeBorder><CascadeOrientation>0</CascadeOrientation><CascadeStartHorizontal>True</CascadeStartHorizontal><Text></Text><TextStyle>0</TextStyle><TextColor>#FF000000</TextColor><Reflexive>False</Reflexive><HeadShape>2</HeadShape><BaseShape>0</BaseShape><IntermediateShape>0</IntermediateShape><HeadShapeSize>15.000000</HeadShapeSize><BaseShapeSize>15.000000</BaseShapeSize><IntermediateShapeSize>10.000000</IntermediateShapeSize><CustomDraw>0</CustomDraw><DrawCrossings>True</DrawCrossings><HandlesStyle>1</HandlesStyle><AllowMoveStart>True</AllowMoveStart><AllowMoveEnd>True</AllowMoveEnd><LabelSegment>2147483647</LabelSegment><LabelOffset>0.000000</LabelOffset></Link></Links><Properties><LinkHeadShape>2</LinkHeadShape><LinkBaseShape>0</LinkBaseShape><LinkIntermediateShape>0</LinkIntermediateShape><LinkHeadShapeSize>15.000000</LinkHeadShapeSize><LinkBaseShapeSize>15.000000</LinkBaseShapeSize><LinkIntermediateShapeSize>10.000000</LinkIntermediateShapeSize><AlignToGrid>True</AlignToGrid><ShowGrid>False</ShowGrid><GridStyle>0</GridStyle><GridColor>#FF8C8C96</GridColor><GridSizeX>16.000000</GridSizeX><GridSizeY>16.000000</GridSizeY><GridOffsetX>0.000000</GridOffsetX><GridOffsetY>0.000000</GridOffsetY><ShadowColor>#FFAAAAAA</ShadowColor><ShadowsStyle>0</ShadowsStyle><ShadowOffsetX>3.000000</ShadowOffsetX><ShadowOffsetY>3.000000</ShadowOffsetY><ImageAlign>0</ImageAlign><TextColor>#FF000000</TextColor><ActiveItemHandlesColor>#FFFFFFFF</ActiveItemHandlesColor><SelectedItemHandlesColor>#FFAAAAAA</SelectedItemHandlesColor><DisabledHandlesColor>#FFC80000</DisabledHandlesColor><LinkStyle>2</LinkStyle><LinkSegments>2</LinkSegments><Bounds>-255.000000, -223.000000, 1550.000000, 614.000000</Bounds><TableRowsCount>4</TableRowsCount><TableColumnsCount>2</TableColumnsCount><TableColumnWidth>50.000000</TableColumnWidth><TableRowHeight>22.000000</TableRowHeight><TableCaptionHeight>22.000000</TableCaptionHeight><TableCaption>Table</TableCaption><LinkCascadeOrientation>0</LinkCascadeOrientation><TableCellBorders>2</TableCellBorders><NodesExpandable>False</NodesExpandable><TablesScrollable>False</TablesScrollable><ToolTip></ToolTip><PolygonalTextLayout>False</PolygonalTextLayout><DefaultTextFormat XValue="37"><Alignment>1</Alignment><LineAlignment>1</LineAlignment></DefaultTextFormat><Font><Name>Arial</Name><Size>9.750000</Size><Unit>0</Unit><Bold>False</Bold><Italic>False</Italic><Underline>False</Underline><Strikeout>False</Strikeout><GdiCharSet>1</GdiCharSet></Font><DefaultShape Id="Rectangle"/><ShapePen><Color>#FF000000</Color><DashStyle>0</DashStyle><Width>1.000000</Width></ShapePen><LinkPen><Color>#FF000000</Color><DashStyle>0</DashStyle><Width>1.000000</Width></LinkPen><TablePen><Color>#FF000000</Color><DashStyle>0</DashStyle><Width>1.000000</Width></TablePen><ShapeBrush Id="6"/><LinkBrush Id="3"/><TableBrush Id="1"/><Brush Id="3"/><ExteriorBrush Id="3"/><ShapeHandlesStyle>1</ShapeHandlesStyle><TableHandlesStyle>2</TableHandlesStyle><AllowLinksRepeat>True</AllowLinksRepeat><AllowUnconnectedLinks>False</AllowUnconnectedLinks><AllowUnanchoredLinks>True</AllowUnanchoredLinks><PolygonalTextLayout>False</PolygonalTextLayout><ShapeOrientation>0.000000</ShapeOrientation><RouteLinks>True</RouteLinks><LinksRetainForm>False</LinksRetainForm><LinkTextStyle>0</LinkTextStyle><TableConnectionStyle>0</TableConnectionStyle><MeasureUnit>2</MeasureUnit><MinBounds>-255.000000, -223.000000, 1550.000000, 614.000000</MinBounds><ExpandBtnPos>0</ExpandBtnPos><EnableStyledText>False</EnableStyledText><LinkText></LinkText><ShapeText></ShapeText><LinkCrossings>0</LinkCrossings><CrossRadius>8.000000</CrossRadius><LinksSnapToBorders>False</LinksSnapToBorders><LinkHandlesStyle>1</LinkHandlesStyle><RoundedLinks>False</RoundedLinks><RoundedLinksRadius>40.000000</RoundedLinksRadius><EnableLanes>False</EnableLanes></Properties><Resources><Brushes><Brush Index="6" Type="Solid"><Color>#FFCCCCF0</Color></Brush><Brush Index="5" Type="Solid"><Color>#FFDCC8E1</Color></Brush><Brush Index="3" Type="Solid"><Color>#FFFFFFFF</Color></Brush><Brush Index="1" Type="Solid"><Color>#FFDCDCDC</Color></Brush><Brush Index="0" Type="Solid"><Color>#FFF0CC60</Color></Brush><Brush Index="4" Type="Solid"><Color>#FFFFD780</Color></Brush><Brush Index="2" Type="Solid"><Color></Color></Brush></Brushes><Images Count="0"/></Resources><View><Behavior>2</Behavior><ScrollX>369.000000</ScrollX><ScrollY>-223.000000</ScrollY><ZoomFactor>100.000000</ZoomFactor></View></Diagram>