<Diagram Version="12"><Nodes><Node Class="std:ShapeNode" Id="0" Version="1"><Bounds>-209.000000, -257.000000, 858.000000, 506.000000</Bounds><ZIndex>0</ZIndex><ToolTip>00026EFA 

Last User:sLiesegang
Date:9/30/2009
File:Skyrim.esm</ToolTip><Locked>True</Locked><Visible>True</Visible><Printable>True</Printable><Selected>False</Selected><Brush Id="0"/><Pen><Color>#FF646464</Color><DashStyle>0</DashStyle><Width>1.000000</Width></Pen><ShadowOffsetX>0.000000</ShadowOffsetX><ShadowOffsetY>0.000000</ShadowOffsetY><Weight>1.000000</Weight><IgnoreLayout>False</IgnoreLayout><HyperLink></HyperLink><Constraints><Constraint Type="0"><Value>0</Value></Constraint><Constraint Type="1"><Value>0.000000</Value></Constraint><Constraint Type="2"><Value>0.000000</Value></Constraint><Constraint Type="3"><Value>0.000000</Value></Constraint><Constraint Type="4"><Value>0.000000</Value></Constraint></Constraints><Obstacle>False</Obstacle><AllowIncomingLinks>True</AllowIncomingLinks><AllowOutgoingLinks>False</AllowOutgoingLinks><EnabledHandles>0</EnabledHandles><HandlesStyle>1</HandlesStyle><Expanded>True</Expanded><Expandable>False</Expandable><XStyle>0</XStyle><Text>T02FastredQuestStart</Text><TextColor>#FF000000</TextColor><PolygonalTextLayout>False</PolygonalTextLayout><TextFormat XValue="16"><Alignment>0</Alignment><LineAlignment>0</LineAlignment></TextFormat><PolygonalTextLayout>False</PolygonalTextLayout><EnableStyledText>False</EnableStyledText><ImageAlign>2</ImageAlign><RotationAngle>0.000000</RotationAngle><RotateImage>False</RotateImage><RotateText>False</RotateText><Transparent>False</Transparent><CustomDraw>0</CustomDraw><DecorationColor></DecorationColor></Node><Node Class="std:ShapeNode" Id="1" Version="1"><Bounds>-209.000000, 271.000000, 250.000000, 154.000000</Bounds><ZIndex>1</ZIndex><ToolTip>00035111 

Last User:sLiesegang
Date:10/21/2009
File:Skyrim.esm</ToolTip><Locked>True</Locked><Visible>True</Visible><Printable>True</Printable><Selected>False</Selected><Brush Id="0"/><Pen><Color>#FF646464</Color><DashStyle>0</DashStyle><Width>1.000000</Width></Pen><ShadowOffsetX>0.000000</ShadowOffsetX><ShadowOffsetY>0.000000</ShadowOffsetY><Weight>1.000000</Weight><IgnoreLayout>False</IgnoreLayout><HyperLink></HyperLink><Constraints><Constraint Type="0"><Value>0</Value></Constraint><Constraint Type="1"><Value>0.000000</Value></Constraint><Constraint Type="2"><Value>0.000000</Value></Constraint><Constraint Type="3"><Value>0.000000</Value></Constraint><Constraint Type="4"><Value>0.000000</Value></Constraint></Constraints><Obstacle>False</Obstacle><AllowIncomingLinks>True</AllowIncomingLinks><AllowOutgoingLinks>False</AllowOutgoingLinks><EnabledHandles>0</EnabledHandles><HandlesStyle>1</HandlesStyle><Expanded>True</Expanded><Expandable>False</Expandable><XStyle>0</XStyle><Text>T02FastredCheckingIn</Text><TextColor>#FF000000</TextColor><PolygonalTextLayout>False</PolygonalTextLayout><TextFormat XValue="16"><Alignment>0</Alignment><LineAlignment>0</LineAlignment></TextFormat><PolygonalTextLayout>False</PolygonalTextLayout><EnableStyledText>False</EnableStyledText><ImageAlign>2</ImageAlign><RotationAngle>0.000000</RotationAngle><RotateImage>False</RotateImage><RotateText>False</RotateText><Transparent>False</Transparent><CustomDraw>0</CustomDraw><DecorationColor></DecorationColor></Node><Node Class="std:TableNode" Id="2" Version="1"><Bounds>424.000000, 88.000000, 200.000000, 136.000000</Bounds><ZIndex>2</ZIndex><ToolTip>00026EA2 - Custom

Last User:sLiesegang
Date:11/2/2009
File:Skyrim.esm</ToolTip><Locked>False</Locked><Visible>True</Visible><Printable>True</Printable><Selected>True</Selected><Brush Id="1"/><Pen><Color>#FF000000</Color><DashStyle>0</DashStyle><Width>1.000000</Width></Pen><ShadowOffsetX>3.000000</ShadowOffsetX><ShadowOffsetY>3.000000</ShadowOffsetY><Weight>1.000000</Weight><IgnoreLayout>False</IgnoreLayout><HyperLink></HyperLink><AnchorPattern Id="TableInPattern"/><Constraints><Constraint Type="0"><Value>0</Value></Constraint><Constraint Type="1"><Value>0.000000</Value></Constraint><Constraint Type="2"><Value>0.000000</Value></Constraint><Constraint Type="3"><Value>0.000000</Value></Constraint><Constraint Type="4"><Value>0.000000</Value></Constraint></Constraints><Obstacle>True</Obstacle><AllowIncomingLinks>True</AllowIncomingLinks><AllowOutgoingLinks>True</AllowOutgoingLinks><EnabledHandles>-1</EnabledHandles><HandlesStyle>2</HandlesStyle><Cells><Cell><Text></Text><ToolTip></ToolTip><TextFormat XValue="36"><Alignment>0</Alignment><LineAlignment>1</LineAlignment></TextFormat><TextColor>#FF007800</TextColor><Brush Id="2"/><ImageAlign>4</ImageAlign><ColumnSpan>1</ColumnSpan><RowSpan>1</RowSpan></Cell><Cell><Text>[S] G|Oh, thank you so much! It's wonderful to have someone around who understands.</Text><ToolTip></ToolTip><TextFormat XValue="16"><Alignment>0</Alignment><LineAlignment>0</LineAlignment></TextFormat><TextColor></TextColor><Brush Id="3"/><ImageAlign>4</ImageAlign><ColumnSpan>1</ColumnSpan><RowSpan>1</RowSpan></Cell></Cells><Rows><Row><AnchorPattern Id="TableOutPattern"/><Height>76.000000</Height><Header>False</Header><Expanded>True</Expanded></Row></Rows><Columns><Column><Width>50.000000</Width><ColumnStyle>0</ColumnStyle></Column><Column><Width>50.000000</Width><ColumnStyle>0</ColumnStyle></Column></Columns><Caption>T02FastredQuestEnd: &lt;b&gt;I'll talk to your parents about it.&lt;/b&gt;</Caption><CaptionColor>#FF000000</CaptionColor><CaptionHeight>60.000000</CaptionHeight><CaptionFormat XValue="2000"><Alignment>1</Alignment><LineAlignment>0</LineAlignment></CaptionFormat><CaptionBackBrush Id="1"/><EnableStyledText>True</EnableStyledText><ConnectionStyle>0</ConnectionStyle><ImageAlign>2</ImageAlign><Style>0</Style><CustomDraw>0</CustomDraw><CellFrameStyle>2</CellFrameStyle><CellCustomDraw>0</CellCustomDraw><TextColor>#FF000000</TextColor><RowHeight>22.000000</RowHeight><ColumnWidth>50.000000</ColumnWidth><CurrentScrollRow>0</CurrentScrollRow><Scrollable>False</Scrollable><OffsetHeaderRows>False</OffsetHeaderRows></Node><Node Class="std:TableNode" Id="3" Version="1"><Bounds>-184.000000, 24.000000, 200.000000, 72.000000</Bounds><ZIndex>3</ZIndex><ToolTip>00026EB2 - Custom

Last User:sLiesegang
Date:9/30/2009
File:Skyrim.esm</ToolTip><Locked>False</Locked><Visible>True</Visible><Printable>True</Printable><Selected>False</Selected><Brush Id="1"/><Pen><Color>#FF000000</Color><DashStyle>0</DashStyle><Width>1.000000</Width></Pen><ShadowOffsetX>3.000000</ShadowOffsetX><ShadowOffsetY>3.000000</ShadowOffsetY><Weight>1.000000</Weight><IgnoreLayout>False</IgnoreLayout><HyperLink></HyperLink><AnchorPattern Id="TableInPattern"/><Constraints><Constraint Type="0"><Value>0</Value></Constraint><Constraint Type="1"><Value>0.000000</Value></Constraint><Constraint Type="2"><Value>0.000000</Value></Constraint><Constraint Type="3"><Value>0.000000</Value></Constraint><Constraint Type="4"><Value>0.000000</Value></Constraint></Constraints><Obstacle>True</Obstacle><AllowIncomingLinks>True</AllowIncomingLinks><AllowOutgoingLinks>False</AllowOutgoingLinks><EnabledHandles>-1</EnabledHandles><HandlesStyle>2</HandlesStyle><Cells><Cell><Text></Text><ToolTip></ToolTip><TextFormat XValue="36"><Alignment>0</Alignment><LineAlignment>1</LineAlignment></TextFormat><TextColor>#FF000000</TextColor><Brush Id="2"/><ImageAlign>4</ImageAlign><ColumnSpan>1</ColumnSpan><RowSpan>1</RowSpan></Cell><Cell><Text>Are you the one sent by Mara?</Text><ToolTip></ToolTip><TextFormat XValue="16"><Alignment>0</Alignment><LineAlignment>0</LineAlignment></TextFormat><TextColor></TextColor><Brush Id="4"/><ImageAlign>4</ImageAlign><ColumnSpan>1</ColumnSpan><RowSpan>1</RowSpan></Cell></Cells><Rows><Row><AnchorPattern Id="TableOutPattern"/><Height>44.000000</Height><Header>False</Header><Expanded>True</Expanded></Row></Rows><Columns><Column><Width>50.000000</Width><ColumnStyle>0</ColumnStyle></Column><Column><Width>50.000000</Width><ColumnStyle>0</ColumnStyle></Column></Columns><Caption>T02FastredQuestStartTopic</Caption><CaptionColor>#FF000000</CaptionColor><CaptionHeight>28.000000</CaptionHeight><CaptionFormat XValue="2000"><Alignment>1</Alignment><LineAlignment>0</LineAlignment></CaptionFormat><CaptionBackBrush Id="5"/><EnableStyledText>True</EnableStyledText><ConnectionStyle>0</ConnectionStyle><ImageAlign>2</ImageAlign><Style>0</Style><CustomDraw>0</CustomDraw><CellFrameStyle>2</CellFrameStyle><CellCustomDraw>0</CellCustomDraw><TextColor>#FF000000</TextColor><RowHeight>22.000000</RowHeight><ColumnWidth>50.000000</ColumnWidth><CurrentScrollRow>0</CurrentScrollRow><Scrollable>False</Scrollable><OffsetHeaderRows>False</OffsetHeaderRows></Node><Node Class="std:TableNode" Id="4" Version="1"><Bounds>136.000000, -56.000000, 200.000000, 280.000000</Bounds><ZIndex>4</ZIndex><ToolTip>00026EA3 - Custom

Last User:sLiesegang
Date:5/17/2010
File:Skyrim.esm</ToolTip><Locked>False</Locked><Visible>True</Visible><Printable>True</Printable><Selected>False</Selected><Brush Id="1"/><Pen><Color>#FF000000</Color><DashStyle>0</DashStyle><Width>1.000000</Width></Pen><ShadowOffsetX>3.000000</ShadowOffsetX><ShadowOffsetY>3.000000</ShadowOffsetY><Weight>1.000000</Weight><IgnoreLayout>False</IgnoreLayout><HyperLink></HyperLink><AnchorPattern Id="TableInPattern"/><Constraints><Constraint Type="0"><Value>0</Value></Constraint><Constraint Type="1"><Value>0.000000</Value></Constraint><Constraint Type="2"><Value>0.000000</Value></Constraint><Constraint Type="3"><Value>0.000000</Value></Constraint><Constraint Type="4"><Value>0.000000</Value></Constraint></Constraints><Obstacle>True</Obstacle><AllowIncomingLinks>True</AllowIncomingLinks><AllowOutgoingLinks>False</AllowOutgoingLinks><EnabledHandles>-1</EnabledHandles><HandlesStyle>2</HandlesStyle><Cells><Cell><Text></Text><ToolTip></ToolTip><TextFormat XValue="36"><Alignment>0</Alignment><LineAlignment>1</LineAlignment></TextFormat><TextColor>#FF007800</TextColor><Brush Id="2"/><ImageAlign>4</ImageAlign><ColumnSpan>1</ColumnSpan><RowSpan>1</RowSpan></Cell><Cell><Text>My parents are being impossible. | Bassianus wants to marry me. And I think I love him. But he wants to move to Riften afterwards, and my father won't allow it. | He only cares about this stupid town, but Bassianus makes me happier than anyone ever has. | My mother's not any help, either.</Text><ToolTip></ToolTip><TextFormat XValue="16"><Alignment>0</Alignment><LineAlignment>0</LineAlignment></TextFormat><TextColor></TextColor><Brush Id="4"/><ImageAlign>4</ImageAlign><ColumnSpan>1</ColumnSpan><RowSpan>1</RowSpan></Cell></Cells><Rows><Row><AnchorPattern Id="TableOutPattern"/><Height>236.000000</Height><Header>False</Header><Expanded>True</Expanded></Row></Rows><Columns><Column><Width>50.000000</Width><ColumnStyle>0</ColumnStyle></Column><Column><Width>50.000000</Width><ColumnStyle>0</ColumnStyle></Column></Columns><Caption>T02FastredStory: &lt;b&gt;Yes. What's troubling you?&lt;/b&gt;</Caption><CaptionColor>#FF000000</CaptionColor><CaptionHeight>44.000000</CaptionHeight><CaptionFormat XValue="2000"><Alignment>1</Alignment><LineAlignment>0</LineAlignment></CaptionFormat><CaptionBackBrush Id="1"/><EnableStyledText>True</EnableStyledText><ConnectionStyle>0</ConnectionStyle><ImageAlign>2</ImageAlign><Style>0</Style><CustomDraw>0</CustomDraw><CellFrameStyle>2</CellFrameStyle><CellCustomDraw>0</CellCustomDraw><TextColor>#FF000000</TextColor><RowHeight>22.000000</RowHeight><ColumnWidth>50.000000</ColumnWidth><CurrentScrollRow>0</CurrentScrollRow><Scrollable>False</Scrollable><OffsetHeaderRows>False</OffsetHeaderRows></Node><Node Class="std:TableNode" Id="5" Version="1"><Bounds>136.000000, -232.000000, 200.000000, 152.000000</Bounds><ZIndex>5</ZIndex><ToolTip>00026EA4 - Custom

Last User:sLiesegang
Date:10/20/2009
File:Skyrim.esm</ToolTip><Locked>False</Locked><Visible>True</Visible><Printable>True</Printable><Selected>False</Selected><Brush Id="1"/><Pen><Color>#FF000000</Color><DashStyle>0</DashStyle><Width>1.000000</Width></Pen><ShadowOffsetX>3.000000</ShadowOffsetX><ShadowOffsetY>3.000000</ShadowOffsetY><Weight>1.000000</Weight><IgnoreLayout>False</IgnoreLayout><HyperLink></HyperLink><AnchorPattern Id="TableInPattern"/><Constraints><Constraint Type="0"><Value>0</Value></Constraint><Constraint Type="1"><Value>0.000000</Value></Constraint><Constraint Type="2"><Value>0.000000</Value></Constraint><Constraint Type="3"><Value>0.000000</Value></Constraint><Constraint Type="4"><Value>0.000000</Value></Constraint></Constraints><Obstacle>True</Obstacle><AllowIncomingLinks>True</AllowIncomingLinks><AllowOutgoingLinks>False</AllowOutgoingLinks><EnabledHandles>-1</EnabledHandles><HandlesStyle>2</HandlesStyle><Cells><Cell><Text></Text><ToolTip></ToolTip><TextFormat XValue="36"><Alignment>0</Alignment><LineAlignment>1</LineAlignment></TextFormat><TextColor>#FF000000</TextColor><Brush Id="2"/><ImageAlign>4</ImageAlign><ColumnSpan>1</ColumnSpan><RowSpan>1</RowSpan></Cell><Cell><Text>I prayed to Mara and she spoke to me in a dream. She said a stranger would appear to help me. | Is that you?</Text><ToolTip></ToolTip><TextFormat XValue="16"><Alignment>0</Alignment><LineAlignment>0</LineAlignment></TextFormat><TextColor></TextColor><Brush Id="4"/><ImageAlign>4</ImageAlign><ColumnSpan>1</ColumnSpan><RowSpan>1</RowSpan></Cell></Cells><Rows><Row><AnchorPattern Id="TableOutPattern"/><Height>108.000000</Height><Header>False</Header><Expanded>True</Expanded></Row></Rows><Columns><Column><Width>50.000000</Width><ColumnStyle>0</ColumnStyle></Column><Column><Width>50.000000</Width><ColumnStyle>0</ColumnStyle></Column></Columns><Caption>T02FastredWho: &lt;b&gt;How did you know I was coming?&lt;/b&gt;</Caption><CaptionColor>#FF000000</CaptionColor><CaptionHeight>44.000000</CaptionHeight><CaptionFormat XValue="2000"><Alignment>1</Alignment><LineAlignment>0</LineAlignment></CaptionFormat><CaptionBackBrush Id="1"/><EnableStyledText>True</EnableStyledText><ConnectionStyle>0</ConnectionStyle><ImageAlign>2</ImageAlign><Style>0</Style><CustomDraw>0</CustomDraw><CellFrameStyle>2</CellFrameStyle><CellCustomDraw>0</CellCustomDraw><TextColor>#FF000000</TextColor><RowHeight>22.000000</RowHeight><ColumnWidth>50.000000</ColumnWidth><CurrentScrollRow>0</CurrentScrollRow><Scrollable>False</Scrollable><OffsetHeaderRows>False</OffsetHeaderRows></Node><Node Class="std:TableNode" Id="6" Version="1"><Bounds>-184.000000, 296.000000, 200.000000, 104.000000</Bounds><ZIndex>6</ZIndex><ToolTip>00035108 - Custom

Last User:sLiesegang
Date:10/21/2009
File:Skyrim.esm</ToolTip><Locked>False</Locked><Visible>True</Visible><Printable>True</Printable><Selected>False</Selected><Brush Id="1"/><Pen><Color>#FF000000</Color><DashStyle>0</DashStyle><Width>1.000000</Width></Pen><ShadowOffsetX>3.000000</ShadowOffsetX><ShadowOffsetY>3.000000</ShadowOffsetY><Weight>1.000000</Weight><IgnoreLayout>False</IgnoreLayout><HyperLink></HyperLink><AnchorPattern Id="TableInPattern"/><Constraints><Constraint Type="0"><Value>0</Value></Constraint><Constraint Type="1"><Value>0.000000</Value></Constraint><Constraint Type="2"><Value>0.000000</Value></Constraint><Constraint Type="3"><Value>0.000000</Value></Constraint><Constraint Type="4"><Value>0.000000</Value></Constraint></Constraints><Obstacle>True</Obstacle><AllowIncomingLinks>True</AllowIncomingLinks><AllowOutgoingLinks>False</AllowOutgoingLinks><EnabledHandles>-1</EnabledHandles><HandlesStyle>2</HandlesStyle><Cells><Cell><Text></Text><ToolTip></ToolTip><TextFormat XValue="36"><Alignment>0</Alignment><LineAlignment>1</LineAlignment></TextFormat><TextColor>#FF000000</TextColor><Brush Id="2"/><ImageAlign>4</ImageAlign><ColumnSpan>1</ColumnSpan><RowSpan>1</RowSpan></Cell><Cell><Text>G|Have you spoken to my parents yet? Please, my love depends on it!</Text><ToolTip></ToolTip><TextFormat XValue="16"><Alignment>0</Alignment><LineAlignment>0</LineAlignment></TextFormat><TextColor></TextColor><Brush Id="4"/><ImageAlign>4</ImageAlign><ColumnSpan>1</ColumnSpan><RowSpan>1</RowSpan></Cell></Cells><Rows><Row><AnchorPattern Id="TableOutPattern"/><Height>76.000000</Height><Header>False</Header><Expanded>True</Expanded></Row></Rows><Columns><Column><Width>50.000000</Width><ColumnStyle>0</ColumnStyle></Column><Column><Width>50.000000</Width><ColumnStyle>0</ColumnStyle></Column></Columns><Caption>T02FastredCheckingInTopic</Caption><CaptionColor>#FF000000</CaptionColor><CaptionHeight>28.000000</CaptionHeight><CaptionFormat XValue="2000"><Alignment>1</Alignment><LineAlignment>0</LineAlignment></CaptionFormat><CaptionBackBrush Id="5"/><EnableStyledText>True</EnableStyledText><ConnectionStyle>0</ConnectionStyle><ImageAlign>2</ImageAlign><Style>0</Style><CustomDraw>0</CustomDraw><CellFrameStyle>2</CellFrameStyle><CellCustomDraw>0</CellCustomDraw><TextColor>#FF000000</TextColor><RowHeight>22.000000</RowHeight><ColumnWidth>50.000000</ColumnWidth><CurrentScrollRow>0</CurrentScrollRow><Scrollable>False</Scrollable><OffsetHeaderRows>False</OffsetHeaderRows></Node><Node Class="std:TableNode" Id="7" Version="1"><Bounds>424.000000, -56.000000, 200.000000, 120.000000</Bounds><ZIndex>7</ZIndex><ToolTip>000CC76D - Custom, in use by sLiesegang</ToolTip><Locked>False</Locked><Visible>True</Visible><Printable>True</Printable><Selected>False</Selected><Brush Id="1"/><Pen><Color>#FF000000</Color><DashStyle>0</DashStyle><Width>1.000000</Width></Pen><ShadowOffsetX>3.000000</ShadowOffsetX><ShadowOffsetY>3.000000</ShadowOffsetY><Weight>1.000000</Weight><IgnoreLayout>False</IgnoreLayout><HyperLink></HyperLink><AnchorPattern Id="TableInPattern"/><Constraints><Constraint Type="0"><Value>0</Value></Constraint><Constraint Type="1"><Value>0.000000</Value></Constraint><Constraint Type="2"><Value>0.000000</Value></Constraint><Constraint Type="3"><Value>0.000000</Value></Constraint><Constraint Type="4"><Value>0.000000</Value></Constraint></Constraints><Obstacle>True</Obstacle><AllowIncomingLinks>True</AllowIncomingLinks><AllowOutgoingLinks>False</AllowOutgoingLinks><EnabledHandles>-1</EnabledHandles><HandlesStyle>2</HandlesStyle><Cells><Cell><Text></Text><ToolTip></ToolTip><TextFormat XValue="36"><Alignment>0</Alignment><LineAlignment>1</LineAlignment></TextFormat><TextColor>#FF007800</TextColor><Brush Id="2"/><ImageAlign>4</ImageAlign><ColumnSpan>1</ColumnSpan><RowSpan>1</RowSpan></Cell><Cell><Text>[S] G|I don't want to choose! They're both so amazing.</Text><ToolTip></ToolTip><TextFormat XValue="16"><Alignment>0</Alignment><LineAlignment>0</LineAlignment></TextFormat><TextColor></TextColor><Brush Id="4"/><ImageAlign>4</ImageAlign><ColumnSpan>1</ColumnSpan><RowSpan>1</RowSpan></Cell></Cells><Rows><Row><AnchorPattern Id="TableOutPattern"/><Height>60.000000</Height><Header>False</Header><Expanded>True</Expanded></Row></Rows><Columns><Column><Width>50.000000</Width><ColumnStyle>0</ColumnStyle></Column><Column><Width>50.000000</Width><ColumnStyle>0</ColumnStyle></Column></Columns><Caption>T02FastredGetItTogether: &lt;b&gt;You sound a little confused.&lt;/b&gt;</Caption><CaptionColor>#FF007800</CaptionColor><CaptionHeight>60.000000</CaptionHeight><CaptionFormat XValue="2000"><Alignment>1</Alignment><LineAlignment>0</LineAlignment></CaptionFormat><CaptionBackBrush Id="1"/><EnableStyledText>True</EnableStyledText><ConnectionStyle>0</ConnectionStyle><ImageAlign>2</ImageAlign><Style>0</Style><CustomDraw>0</CustomDraw><CellFrameStyle>2</CellFrameStyle><CellCustomDraw>0</CellCustomDraw><TextColor>#FF007800</TextColor><RowHeight>22.000000</RowHeight><ColumnWidth>50.000000</ColumnWidth><CurrentScrollRow>0</CurrentScrollRow><Scrollable>False</Scrollable><OffsetHeaderRows>False</OffsetHeaderRows></Node></Nodes><Links><Link Class="std:DiagramLink" Id="8" Version="1"><Bounds>16.000000, 75.000000, 120.000000, 9.000000</Bounds><ZIndex>8</ZIndex><ToolTip></ToolTip><Locked>False</Locked><Visible>True</Visible><Printable>True</Printable><Selected>False</Selected><Brush Id="4"/><Pen><Color>#FF000000</Color><DashStyle>0</DashStyle><Width>1.000000</Width></Pen><ShadowOffsetX>3.000000</ShadowOffsetX><ShadowOffsetY>3.000000</ShadowOffsetY><Weight>1.000000</Weight><IgnoreLayout>False</IgnoreLayout><Origin Id="3" ClassId="std:TableNode" Version="1"/><OriginRelative>100.000000, 50.000000</OriginRelative><OriginAnchor>0</OriginAnchor><Destination Id="4" ClassId="std:TableNode" Version="1"/><DestinationRelative>0.000000, 50.000000</DestinationRelative><DestinationAnchor>0</DestinationAnchor><OriginRow>0</OriginRow><DestinationRow>-1</DestinationRow><Style>1</Style><SegmentCount>1</SegmentCount><Points><Point>16.000000, 75.000000</Point><Point>136.000000, 84.000000</Point></Points><Dynamic>False</Dynamic><RetainForm>False</RetainForm><AutoRoute>True</AutoRoute><SnapToNodeBorder>False</SnapToNodeBorder><CascadeOrientation>0</CascadeOrientation><CascadeStartHorizontal>True</CascadeStartHorizontal><Text></Text><TextStyle>0</TextStyle><TextColor>#FF000000</TextColor><Reflexive>False</Reflexive><HeadShape>2</HeadShape><BaseShape>0</BaseShape><IntermediateShape>0</IntermediateShape><HeadShapeSize>15.000000</HeadShapeSize><BaseShapeSize>15.000000</BaseShapeSize><IntermediateShapeSize>10.000000</IntermediateShapeSize><CustomDraw>0</CustomDraw><DrawCrossings>True</DrawCrossings><HandlesStyle>1</HandlesStyle><AllowMoveStart>True</AllowMoveStart><AllowMoveEnd>True</AllowMoveEnd><LabelSegment>2147483647</LabelSegment><LabelOffset>0.000000</LabelOffset></Link><Link Class="std:DiagramLink" Id="9" Version="1"><Bounds>16.000000, -156.000000, 120.000000, 231.000000</Bounds><ZIndex>9</ZIndex><ToolTip></ToolTip><Locked>False</Locked><Visible>True</Visible><Printable>True</Printable><Selected>False</Selected><Brush Id="4"/><Pen><Color>#FF000000</Color><DashStyle>0</DashStyle><Width>1.000000</Width></Pen><ShadowOffsetX>3.000000</ShadowOffsetX><ShadowOffsetY>3.000000</ShadowOffsetY><Weight>1.000000</Weight><IgnoreLayout>False</IgnoreLayout><Origin Id="3" ClassId="std:TableNode" Version="1"/><OriginRelative>100.000000, 50.000000</OriginRelative><OriginAnchor>0</OriginAnchor><Destination Id="5" ClassId="std:TableNode" Version="1"/><DestinationRelative>0.000000, 50.000000</DestinationRelative><DestinationAnchor>0</DestinationAnchor><OriginRow>0</OriginRow><DestinationRow>-1</DestinationRow><Style>1</Style><SegmentCount>1</SegmentCount><Points><Point>16.000000, 75.000000</Point><Point>136.000000, -156.000000</Point></Points><Dynamic>False</Dynamic><RetainForm>False</RetainForm><AutoRoute>True</AutoRoute><SnapToNodeBorder>False</SnapToNodeBorder><CascadeOrientation>0</CascadeOrientation><CascadeStartHorizontal>True</CascadeStartHorizontal><Text></Text><TextStyle>0</TextStyle><TextColor>#FF000000</TextColor><Reflexive>False</Reflexive><HeadShape>2</HeadShape><BaseShape>0</BaseShape><IntermediateShape>0</IntermediateShape><HeadShapeSize>15.000000</HeadShapeSize><BaseShapeSize>15.000000</BaseShapeSize><IntermediateShapeSize>10.000000</IntermediateShapeSize><CustomDraw>0</CustomDraw><DrawCrossings>True</DrawCrossings><HandlesStyle>1</HandlesStyle><AllowMoveStart>True</AllowMoveStart><AllowMoveEnd>True</AllowMoveEnd><LabelSegment>2147483647</LabelSegment><LabelOffset>0.000000</LabelOffset></Link><Link Class="std:DiagramLink" Id="10" Version="1"><Bounds>136.000000, -133.000000, 200.000000, 217.000000</Bounds><ZIndex>10</ZIndex><ToolTip></ToolTip><Locked>False</Locked><Visible>True</Visible><Printable>True</Printable><Selected>False</Selected><Brush Id="4"/><Pen><Color>#FF000000</Color><DashStyle>0</DashStyle><Width>1.000000</Width></Pen><ShadowOffsetX>3.000000</ShadowOffsetX><ShadowOffsetY>3.000000</ShadowOffsetY><Weight>1.000000</Weight><IgnoreLayout>False</IgnoreLayout><Origin Id="5" ClassId="std:TableNode" Version="1"/><OriginRelative>100.000000, 50.000000</OriginRelative><OriginAnchor>0</OriginAnchor><Destination Id="4" ClassId="std:TableNode" Version="1"/><DestinationRelative>0.000000, 50.000000</DestinationRelative><DestinationAnchor>0</DestinationAnchor><OriginRow>0</OriginRow><DestinationRow>-1</DestinationRow><Style>1</Style><SegmentCount>3</SegmentCount><Points><Point>336.000000, -133.000000</Point><Point>408.000000, -296.000000</Point><Point>72.000000, -296.000000</Point><Point>136.000000, 84.000000</Point></Points><Dynamic>False</Dynamic><RetainForm>False</RetainForm><AutoRoute>True</AutoRoute><SnapToNodeBorder>False</SnapToNodeBorder><CascadeOrientation>0</CascadeOrientation><CascadeStartHorizontal>True</CascadeStartHorizontal><Text></Text><TextStyle>0</TextStyle><TextColor>#FF000000</TextColor><Reflexive>False</Reflexive><HeadShape>2</HeadShape><BaseShape>0</BaseShape><IntermediateShape>0</IntermediateShape><HeadShapeSize>15.000000</HeadShapeSize><BaseShapeSize>15.000000</BaseShapeSize><IntermediateShapeSize>10.000000</IntermediateShapeSize><CustomDraw>0</CustomDraw><DrawCrossings>True</DrawCrossings><HandlesStyle>1</HandlesStyle><AllowMoveStart>True</AllowMoveStart><AllowMoveEnd>True</AllowMoveEnd><LabelSegment>2147483647</LabelSegment><LabelOffset>0.000000</LabelOffset></Link><Link Class="std:DiagramLink" Id="11" Version="1"><Bounds>336.000000, 4.000000, 88.000000, 103.000000</Bounds><ZIndex>11</ZIndex><ToolTip></ToolTip><Locked>False</Locked><Visible>True</Visible><Printable>True</Printable><Selected>False</Selected><Brush Id="4"/><Pen><Color>#FF000000</Color><DashStyle>0</DashStyle><Width>1.000000</Width></Pen><ShadowOffsetX>3.000000</ShadowOffsetX><ShadowOffsetY>3.000000</ShadowOffsetY><Weight>1.000000</Weight><IgnoreLayout>False</IgnoreLayout><Origin Id="4" ClassId="std:TableNode" Version="1"/><OriginRelative>100.000000, 50.000000</OriginRelative><OriginAnchor>0</OriginAnchor><Destination Id="7" ClassId="std:TableNode" Version="1"/><DestinationRelative>0.000000, 50.000000</DestinationRelative><DestinationAnchor>0</DestinationAnchor><OriginRow>0</OriginRow><DestinationRow>-1</DestinationRow><Style>1</Style><SegmentCount>1</SegmentCount><Points><Point>336.000000, 107.000000</Point><Point>424.000000, 4.000000</Point></Points><Dynamic>False</Dynamic><RetainForm>False</RetainForm><AutoRoute>True</AutoRoute><SnapToNodeBorder>False</SnapToNodeBorder><CascadeOrientation>0</CascadeOrientation><CascadeStartHorizontal>True</CascadeStartHorizontal><Text></Text><TextStyle>0</TextStyle><TextColor>#FF000000</TextColor><Reflexive>False</Reflexive><HeadShape>2</HeadShape><BaseShape>0</BaseShape><IntermediateShape>0</IntermediateShape><HeadShapeSize>15.000000</HeadShapeSize><BaseShapeSize>15.000000</BaseShapeSize><IntermediateShapeSize>10.000000</IntermediateShapeSize><CustomDraw>0</CustomDraw><DrawCrossings>True</DrawCrossings><HandlesStyle>1</HandlesStyle><AllowMoveStart>True</AllowMoveStart><AllowMoveEnd>True</AllowMoveEnd><LabelSegment>2147483647</LabelSegment><LabelOffset>0.000000</LabelOffset></Link><Link Class="std:DiagramLink" Id="12" Version="1"><Bounds>336.000000, 4.000000, 88.000000, 103.000000</Bounds><ZIndex>12</ZIndex><ToolTip></ToolTip><Locked>False</Locked><Visible>True</Visible><Printable>True</Printable><Selected>False</Selected><Brush Id="4"/><Pen><Color>#FF000000</Color><DashStyle>0</DashStyle><Width>1.000000</Width></Pen><ShadowOffsetX>3.000000</ShadowOffsetX><ShadowOffsetY>3.000000</ShadowOffsetY><Weight>1.000000</Weight><IgnoreLayout>False</IgnoreLayout><Origin Id="4" ClassId="std:TableNode" Version="1"/><OriginRelative>100.000000, 50.000000</OriginRelative><OriginAnchor>0</OriginAnchor><Destination Id="7" ClassId="std:TableNode" Version="1"/><DestinationRelative>0.000000, 50.000000</DestinationRelative><DestinationAnchor>0</DestinationAnchor><OriginRow>0</OriginRow><DestinationRow>-1</DestinationRow><Style>1</Style><SegmentCount>1</SegmentCount><Points><Point>336.000000, 107.000000</Point><Point>424.000000, 4.000000</Point></Points><Dynamic>False</Dynamic><RetainForm>False</RetainForm><AutoRoute>True</AutoRoute><SnapToNodeBorder>False</SnapToNodeBorder><CascadeOrientation>0</CascadeOrientation><CascadeStartHorizontal>True</CascadeStartHorizontal><Text></Text><TextStyle>0</TextStyle><TextColor>#FF000000</TextColor><Reflexive>False</Reflexive><HeadShape>2</HeadShape><BaseShape>0</BaseShape><IntermediateShape>0</IntermediateShape><HeadShapeSize>15.000000</HeadShapeSize><BaseShapeSize>15.000000</BaseShapeSize><IntermediateShapeSize>10.000000</IntermediateShapeSize><CustomDraw>0</CustomDraw><DrawCrossings>True</DrawCrossings><HandlesStyle>1</HandlesStyle><AllowMoveStart>True</AllowMoveStart><AllowMoveEnd>True</AllowMoveEnd><LabelSegment>2147483647</LabelSegment><LabelOffset>0.000000</LabelOffset></Link><Link Class="std:DiagramLink" Id="13" Version="1"><Bounds>336.000000, 107.000000, 88.000000, 49.000000</Bounds><ZIndex>13</ZIndex><ToolTip></ToolTip><Locked>False</Locked><Visible>True</Visible><Printable>True</Printable><Selected>False</Selected><Brush Id="4"/><Pen><Color>#FF000000</Color><DashStyle>0</DashStyle><Width>1.000000</Width></Pen><ShadowOffsetX>3.000000</ShadowOffsetX><ShadowOffsetY>3.000000</ShadowOffsetY><Weight>1.000000</Weight><IgnoreLayout>False</IgnoreLayout><Origin Id="4" ClassId="std:TableNode" Version="1"/><OriginRelative>100.000000, 50.000000</OriginRelative><OriginAnchor>0</OriginAnchor><Destination Id="2" ClassId="std:TableNode" Version="1"/><DestinationRelative>0.000000, 50.000000</DestinationRelative><DestinationAnchor>0</DestinationAnchor><OriginRow>0</OriginRow><DestinationRow>-1</DestinationRow><Style>1</Style><SegmentCount>1</SegmentCount><Points><Point>336.000000, 107.000000</Point><Point>424.000000, 156.000000</Point></Points><Dynamic>False</Dynamic><RetainForm>False</RetainForm><AutoRoute>True</AutoRoute><SnapToNodeBorder>False</SnapToNodeBorder><CascadeOrientation>0</CascadeOrientation><CascadeStartHorizontal>True</CascadeStartHorizontal><Text></Text><TextStyle>0</TextStyle><TextColor>#FF000000</TextColor><Reflexive>False</Reflexive><HeadShape>2</HeadShape><BaseShape>0</BaseShape><IntermediateShape>0</IntermediateShape><HeadShapeSize>15.000000</HeadShapeSize><BaseShapeSize>15.000000</BaseShapeSize><IntermediateShapeSize>10.000000</IntermediateShapeSize><CustomDraw>0</CustomDraw><DrawCrossings>True</DrawCrossings><HandlesStyle>1</HandlesStyle><AllowMoveStart>True</AllowMoveStart><AllowMoveEnd>True</AllowMoveEnd><LabelSegment>2147483647</LabelSegment><LabelOffset>0.000000</LabelOffset></Link></Links><Properties><LinkHeadShape>2</LinkHeadShape><LinkBaseShape>0</LinkBaseShape><LinkIntermediateShape>0</LinkIntermediateShape><LinkHeadShapeSize>15.000000</LinkHeadShapeSize><LinkBaseShapeSize>15.000000</LinkBaseShapeSize><LinkIntermediateShapeSize>10.000000</LinkIntermediateShapeSize><AlignToGrid>True</AlignToGrid><ShowGrid>False</ShowGrid><GridStyle>0</GridStyle><GridColor>#FF8C8C96</GridColor><GridSizeX>16.000000</GridSizeX><GridSizeY>16.000000</GridSizeY><GridOffsetX>0.000000</GridOffsetX><GridOffsetY>0.000000</GridOffsetY><ShadowColor>#FFAAAAAA</ShadowColor><ShadowsStyle>0</ShadowsStyle><ShadowOffsetX>3.000000</ShadowOffsetX><ShadowOffsetY>3.000000</ShadowOffsetY><ImageAlign>0</ImageAlign><TextColor>#FF000000</TextColor><ActiveItemHandlesColor>#FFFFFFFF</ActiveItemHandlesColor><SelectedItemHandlesColor>#FFAAAAAA</SelectedItemHandlesColor><DisabledHandlesColor>#FFC80000</DisabledHandlesColor><LinkStyle>2</LinkStyle><LinkSegments>2</LinkSegments><Bounds>-239.000000, -351.000000, 918.000000, 806.000000</Bounds><TableRowsCount>4</TableRowsCount><TableColumnsCount>2</TableColumnsCount><TableColumnWidth>50.000000</TableColumnWidth><TableRowHeight>22.000000</TableRowHeight><TableCaptionHeight>22.000000</TableCaptionHeight><TableCaption>Table</TableCaption><LinkCascadeOrientation>0</LinkCascadeOrientation><TableCellBorders>2</TableCellBorders><NodesExpandable>False</NodesExpandable><TablesScrollable>False</TablesScrollable><ToolTip></ToolTip><PolygonalTextLayout>False</PolygonalTextLayout><DefaultTextFormat XValue="37"><Alignment>1</Alignment><LineAlignment>1</LineAlignment></DefaultTextFormat><Font><Name>Arial</Name><Size>9.750000</Size><Unit>0</Unit><Bold>False</Bold><Italic>False</Italic><Underline>False</Underline><Strikeout>False</Strikeout><GdiCharSet>1</GdiCharSet></Font><DefaultShape Id="Rectangle"/><ShapePen><Color>#FF000000</Color><DashStyle>0</DashStyle><Width>1.000000</Width></ShapePen><LinkPen><Color>#FF000000</Color><DashStyle>0</DashStyle><Width>1.000000</Width></LinkPen><TablePen><Color>#FF000000</Color><DashStyle>0</DashStyle><Width>1.000000</Width></TablePen><ShapeBrush Id="6"/><LinkBrush Id="4"/><TableBrush Id="1"/><Brush Id="4"/><ExteriorBrush Id="4"/><ShapeHandlesStyle>1</ShapeHandlesStyle><TableHandlesStyle>2</TableHandlesStyle><AllowLinksRepeat>True</AllowLinksRepeat><AllowUnconnectedLinks>False</AllowUnconnectedLinks><AllowUnanchoredLinks>True</AllowUnanchoredLinks><PolygonalTextLayout>False</PolygonalTextLayout><ShapeOrientation>0.000000</ShapeOrientation><RouteLinks>True</RouteLinks><LinksRetainForm>False</LinksRetainForm><LinkTextStyle>0</LinkTextStyle><TableConnectionStyle>0</TableConnectionStyle><MeasureUnit>2</MeasureUnit><MinBounds>-239.000000, -351.000000, 918.000000, 806.000000</MinBounds><ExpandBtnPos>0</ExpandBtnPos><EnableStyledText>False</EnableStyledText><LinkText></LinkText><ShapeText></ShapeText><LinkCrossings>0</LinkCrossings><CrossRadius>8.000000</CrossRadius><LinksSnapToBorders>False</LinksSnapToBorders><LinkHandlesStyle>1</LinkHandlesStyle><RoundedLinks>False</RoundedLinks><RoundedLinksRadius>40.000000</RoundedLinksRadius><EnableLanes>False</EnableLanes></Properties><Resources><Brushes><Brush Index="6" Type="Solid"><Color>#FFCCCCF0</Color></Brush><Brush Index="0" Type="Solid"><Color>#FFCCF0CC</Color></Brush><Brush Index="3" Type="Solid"><Color>#FFDCC8E1</Color></Brush><Brush Index="4" Type="Solid"><Color>#FFFFFFFF</Color></Brush><Brush Index="1" Type="Solid"><Color>#FFDCDCDC</Color></Brush><Brush Index="5" Type="Solid"><Color>#FFFFD780</Color></Brush><Brush Index="2" Type="Solid"><Color></Color></Brush></Brushes><Images Count="0"/></Resources><View><Behavior>2</Behavior><ScrollX>-239.000000</ScrollX><ScrollY>-233.000000</ScrollY><ZoomFactor>100.000000</ZoomFactor></View></Diagram>